-- phpMyAdmin SQL Dump
-- version 4.1.14
-- http://www.phpmyadmin.net
--
-- Anamakine: 127.0.0.1
-- Üretim Zamanı: 05 May 2017, 17:04:23
-- Sunucu sürümü: 5.6.17
-- PHP Sürümü: 5.5.12

SET SQL_MODE = "NO_AUTO_VALUE_ON_ZERO";
SET time_zone = "+00:00";


/*!40101 SET @OLD_CHARACTER_SET_CLIENT=@@CHARACTER_SET_CLIENT */;
/*!40101 SET @OLD_CHARACTER_SET_RESULTS=@@CHARACTER_SET_RESULTS */;
/*!40101 SET @OLD_COLLATION_CONNECTION=@@COLLATION_CONNECTION */;
/*!40101 SET NAMES utf8 */;

--
-- Veritabanı: `link_guide`
--

-- --------------------------------------------------------

--
-- Tablo için tablo yapısı `ads`
--

CREATE TABLE IF NOT EXISTS `ads` (
  `ID` int(11) NOT NULL AUTO_INCREMENT,
  `title` varchar(255) NOT NULL,
  `url` varchar(255) NOT NULL,
  `ad_type` enum('interstitial','header_banner','popup') NOT NULL,
  `impression` int(11) NOT NULL,
  `user_id` int(11) NOT NULL,
  `created_date` datetime NOT NULL,
  `created_ip` varchar(20) NOT NULL,
  `ppc` float NOT NULL,
  `first_price` float NOT NULL,
  `current_price` float NOT NULL,
  `publish` int(11) NOT NULL,
  PRIMARY KEY (`ID`)
) ENGINE=InnoDB  DEFAULT CHARSET=utf8 AUTO_INCREMENT=12 ;

--
-- Tablo döküm verisi `ads`
--

INSERT INTO `ads` (`ID`, `title`, `url`, `ad_type`, `impression`, `user_id`, `created_date`, `created_ip`, `ppc`, `first_price`, `current_price`, `publish`) VALUES
(1, 'Bet365', 'https://www.bet365.com/en/', 'interstitial', 1, 3, '2017-01-30 00:00:00', '127.0.0.1', 0.3, 10, 9.69, 1),
(5, 'Masdsa', 'http://static.adzerk.net/Advertisers/0932cfed3e374852a27a09c2ed27061c.png', 'header_banner', 11, 4, '2017-02-02 08:40:35', '127.0.0.1', 0.1, 20, 18.27, 1),
(6, 'Sağlığınız İçin Bize Ulaşın', 'https://www.bet365.com/en/', 'interstitial', 4, 4, '2017-02-04 12:53:38', '127.0.0.1', 0.1, 2, 1.18, 1),
(7, 'asdsdfasdfdsagd', 'https://www.bet365.com/en/', 'interstitial', 6, 4, '2017-02-04 12:56:24', '127.0.0.1', 0.23, 1, -0.12, 1),
(8, 'Popup', 'https://www.youtube.com/watch?v=pHnCT1_neqw', 'popup', 1, 4, '2017-02-07 20:30:31', '127.0.0.1', 0, 100, 100, 0),
(9, 'Azaer', 'http://masmedikal.com/uploads/d18db19f05c21f366905cca845ca1eb6.jpg', 'popup', 3, 4, '2017-02-07 20:37:41', '127.0.0.1', 20, 50, -10, 1),
(10, 'Sağlığınız İçin Bize Ulaşın', 'http://www.masmedikal.com/', 'popup', 3, 4, '2017-02-24 20:32:08', '127.0.0.1', 20, 50, -10, 1),
(11, 'Heartware', 'http://www.masmedikal.com/', 'popup', 3, 4, '2017-02-24 20:35:25', '127.0.0.1', 20, 50, -10, 1);

-- --------------------------------------------------------

--
-- Tablo için tablo yapısı `ad_ip`
--

CREATE TABLE IF NOT EXISTS `ad_ip` (
  `ID` int(11) NOT NULL AUTO_INCREMENT,
  `ad_id` int(11) NOT NULL,
  `ip` int(11) NOT NULL,
  `date` date NOT NULL,
  `url_id` int(11) NOT NULL,
  `ad_type` enum('interstitial','header_banner','popup') NOT NULL,
  PRIMARY KEY (`ID`),
  KEY `id_ip` (`ip`,`url_id`,`ad_type`)
) ENGINE=InnoDB  DEFAULT CHARSET=utf8 AUTO_INCREMENT=37 ;

--
-- Tablo döküm verisi `ad_ip`
--

INSERT INTO `ad_ip` (`ID`, `ad_id`, `ip`, `date`, `url_id`, `ad_type`) VALUES
(7, 5, 1270, '2017-02-04', 7, 'header_banner'),
(8, 7, 1270, '2017-02-04', 7, 'interstitial'),
(9, 5, 1270, '2017-02-04', 9, 'header_banner'),
(10, 7, 1270, '2017-02-04', 9, 'interstitial'),
(11, 8, 1270, '2017-02-07', 7, 'popup'),
(12, 5, 1270, '2017-02-07', 6, 'header_banner'),
(13, 7, 1270, '2017-02-07', 6, 'interstitial'),
(14, 9, 1270, '2017-02-07', 6, 'popup'),
(15, 5, 1270, '2017-02-17', 12, 'header_banner'),
(16, 1, 1270, '2017-02-17', 12, 'interstitial'),
(17, 9, 1270, '2017-02-17', 12, 'popup'),
(18, 5, 1270, '2017-02-17', 10, 'header_banner'),
(19, 6, 1270, '2017-02-17', 10, 'interstitial'),
(20, 9, 1270, '2017-02-17', 10, 'popup'),
(21, 5, 1270, '2017-02-24', 14, 'header_banner'),
(22, 6, 1270, '2017-02-24', 14, 'interstitial'),
(23, 0, 1270, '2017-02-24', 15, 'popup'),
(24, 10, 1270, '2017-02-24', 15, 'popup'),
(25, 10, 1270, '2017-02-24', 15, 'popup'),
(26, 10, 1270, '2017-02-24', 15, 'popup'),
(27, 0, 1270, '2017-02-24', 15, 'popup'),
(28, 5, 1270, '2017-04-05', 24, 'header_banner'),
(29, 6, 1270, '2017-04-05', 24, 'interstitial'),
(30, 11, 1270, '2017-04-05', 24, 'popup'),
(31, 5, 1270, '2017-04-07', 36, 'header_banner'),
(32, 6, 1270, '2017-04-07', 36, 'interstitial'),
(33, 11, 1270, '2017-04-07', 36, 'popup'),
(34, 5, 1270, '2017-04-20', 37, 'header_banner'),
(35, 7, 1270, '2017-04-20', 37, 'interstitial'),
(36, 11, 1270, '2017-04-20', 37, 'popup');

-- --------------------------------------------------------

--
-- Tablo için tablo yapısı `label`
--

CREATE TABLE IF NOT EXISTS `label` (
  `ID` int(11) NOT NULL AUTO_INCREMENT,
  `label_code` varchar(50) NOT NULL,
  `label` text NOT NULL,
  `language_id` int(11) NOT NULL,
  PRIMARY KEY (`ID`)
) ENGINE=InnoDB  DEFAULT CHARSET=utf8 AUTO_INCREMENT=652 ;

--
-- Tablo döküm verisi `label`
--

INSERT INTO `label` (`ID`, `label_code`, `label`, `language_id`) VALUES
(7, 'LOGIN', 'GİRİŞ', 1),
(8, 'LOGIN', 'LOGIN', 2),
(9, 'LOGIN', '', 3),
(10, 'LOGIN', '', 4),
(11, 'LOGIN', '', 6),
(12, 'SIGN UP', 'Kayıt Ol', 1),
(13, 'SIGN UP', '', 2),
(14, 'SIGN UP', '', 3),
(15, 'SIGN UP', '', 4),
(16, 'SIGN UP', '', 6),
(17, 'SLIDER ITEM1', '', 1),
(18, 'SLIDER ITEM1', '', 2),
(19, 'SLIDER ITEM1', '', 3),
(20, 'SLIDER ITEM1', '', 4),
(21, 'SLIDER ITEM1', '', 6),
(22, 'SLIDER ITEM2', '', 1),
(23, 'SLIDER ITEM2', '', 2),
(24, 'SLIDER ITEM2', '', 3),
(25, 'SLIDER ITEM2', '', 4),
(26, 'SLIDER ITEM2', '', 6),
(27, 'SLIDER ITEM3', '', 1),
(28, 'SLIDER ITEM3', '', 2),
(29, 'SLIDER ITEM3', '', 3),
(30, 'SLIDER ITEM3', '', 4),
(31, 'SLIDER ITEM3', '', 6),
(32, 'Error', '', 1),
(33, 'Error', '', 2),
(34, 'Error', '', 3),
(35, 'Error', '', 4),
(36, 'Error', '', 6),
(37, 'Shorten URL and get paid', '', 1),
(38, 'Shorten URL and get paid', '', 2),
(39, 'Shorten URL and get paid', '', 3),
(40, 'Shorten URL and get paid', '', 4),
(41, 'Shorten URL and get paid', '', 6),
(42, 'Enter valid information', '', 1),
(43, 'Enter valid information', '', 2),
(44, 'Enter valid information', '', 3),
(45, 'Enter valid information', '', 4),
(46, 'Enter valid information', '', 6),
(47, 'SHRINK', '', 1),
(48, 'SHRINK', '', 2),
(49, 'SHRINK', '', 3),
(50, 'SHRINK', '', 4),
(51, 'SHRINK', '', 6),
(52, 'MONETIZE', '', 1),
(53, 'MONETIZE', '', 2),
(54, 'MONETIZE', '', 3),
(55, 'MONETIZE', '', 4),
(56, 'MONETIZE', '', 6),
(57, 'YOUR PAGE', '', 1),
(58, 'YOUR PAGE', '', 2),
(59, 'YOUR PAGE', '', 3),
(60, 'YOUR PAGE', '', 4),
(61, 'YOUR PAGE', '', 6),
(62, 'They See', '', 1),
(63, 'They See', '', 2),
(64, 'They See', '', 3),
(65, 'They See', '', 4),
(66, 'They See', '', 6),
(67, 'EARN MONEY', '', 1),
(68, 'EARN MONEY', '', 2),
(69, 'EARN MONEY', '', 3),
(70, 'EARN MONEY', '', 4),
(71, 'EARN MONEY', '', 6),
(72, 'WE WILL', '', 1),
(73, 'WE WILL', '', 2),
(74, 'WE WILL', '', 3),
(75, 'WE WILL', '', 4),
(76, 'WE WILL', '', 6),
(77, 'homeCenter EARNING USERS', '', 1),
(78, 'homeCenter EARNING USERS', '', 2),
(79, 'homeCenter EARNING USERS', '', 3),
(80, 'homeCenter EARNING USERS', '', 4),
(81, 'homeCenter EARNING USERS', '', 6),
(82, 'homeCenter and they are', '', 1),
(83, 'homeCenter and they are', '', 2),
(84, 'homeCenter and they are', '', 3),
(85, 'homeCenter and they are', '', 4),
(86, 'homeCenter and they are', '', 6),
(87, 'homeCenter OWNERS', '', 1),
(88, 'homeCenter OWNERS', '', 2),
(89, 'homeCenter OWNERS', '', 3),
(90, 'homeCenter OWNERS', '', 4),
(91, 'homeCenter OWNERS', '', 6),
(92, 'homeCenter Who earn', '', 1),
(93, 'homeCenter Who earn', '', 2),
(94, 'homeCenter Who earn', '', 3),
(95, 'homeCenter Who earn', '', 4),
(96, 'homeCenter Who earn', '', 6),
(97, 'homeCenter COMMUNITY MEMBERS', '', 1),
(98, 'homeCenter COMMUNITY MEMBERS', '', 2),
(99, 'homeCenter COMMUNITY MEMBERS', '', 3),
(100, 'homeCenter COMMUNITY MEMBERS', '', 4),
(101, 'homeCenter COMMUNITY MEMBERS', '', 6),
(102, 'homeCenter Using adult.tl', '', 1),
(103, 'homeCenter Using adult.tl', '', 2),
(104, 'homeCenter Using adult.tl', '', 3),
(105, 'homeCenter Using adult.tl', '', 4),
(106, 'homeCenter Using adult.tl', '', 6),
(107, 'homeCenter ONLINE MARKETERS', '', 1),
(108, 'homeCenter ONLINE MARKETERS', '', 2),
(109, 'homeCenter ONLINE MARKETERS', '', 3),
(110, 'homeCenter ONLINE MARKETERS', '', 4),
(111, 'homeCenter ONLINE MARKETERS', '', 6),
(112, 'homeCenter Who show others', '', 1),
(113, 'homeCenter Who show others', '', 2),
(114, 'homeCenter Who show others', '', 3),
(115, 'homeCenter Who show others', '', 4),
(116, 'homeCenter Who show others', '', 6),
(117, 'homeCenter JOIN NOW', '', 1),
(118, 'homeCenter JOIN NOW', '', 2),
(119, 'homeCenter JOIN NOW', '', 3),
(120, 'homeCenter JOIN NOW', '', 4),
(121, 'homeCenter JOIN NOW', '', 6),
(122, 'homeMain EASY TO USE', '', 1),
(123, 'homeMain EASY TO USE', '', 2),
(124, 'homeMain EASY TO USE', '', 3),
(125, 'homeMain EASY TO USE', '', 4),
(126, 'homeMain EASY TO USE', '', 6),
(127, 'homeMain Complete Stats', '', 1),
(128, 'homeMain Complete Stats', '', 2),
(129, 'homeMain Complete Stats', '', 3),
(130, 'homeMain Complete Stats', '', 4),
(131, 'homeMain Complete Stats', '', 6),
(132, 'homeMain Website Scripts', '', 1),
(133, 'homeMain Website Scripts', '', 2),
(134, 'homeMain Website Scripts', '', 3),
(135, 'homeMain Website Scripts', '', 4),
(136, 'homeMain Website Scripts', '', 6),
(137, 'homeMain Social Widgets', '', 1),
(138, 'homeMain Social Widgets', '', 2),
(139, 'homeMain Social Widgets', '', 3),
(140, 'homeMain Social Widgets', '', 4),
(141, 'homeMain Social Widgets', '', 6),
(142, 'homeMain WP Blogspot Tools', '', 1),
(143, 'homeMain WP Blogspot Tools', '', 2),
(144, 'homeMain WP Blogspot Tools', '', 3),
(145, 'homeMain WP Blogspot Tools', '', 4),
(146, 'homeMain WP Blogspot Tools', '', 6),
(147, 'homeMain Affiliates', '', 1),
(148, 'homeMain Affiliates', '', 2),
(149, 'homeMain Affiliates', '', 3),
(150, 'homeMain Affiliates', '', 4),
(151, 'homeMain Affiliates', '', 6),
(152, 'homeMain API', '', 1),
(153, 'homeMain API', '', 2),
(154, 'homeMain API', '', 3),
(155, 'homeMain API', '', 4),
(156, 'homeMain API', '', 6),
(157, 'homeFoot FAST GROWING', '', 1),
(158, 'homeFoot FAST GROWING', '', 2),
(159, 'homeFoot FAST GROWING', '', 3),
(160, 'homeFoot FAST GROWING', '', 4),
(161, 'homeFoot FAST GROWING', '', 6),
(162, 'homeFoot Numbers speak', '', 1),
(163, 'homeFoot Numbers speak', '', 2),
(164, 'homeFoot Numbers speak', '', 3),
(165, 'homeFoot Numbers speak', '', 4),
(166, 'homeFoot Numbers speak', '', 6),
(167, 'homeFoot CLICKED TODAY', '', 1),
(168, 'homeFoot CLICKED TODAY', '', 2),
(169, 'homeFoot CLICKED TODAY', '', 3),
(170, 'homeFoot CLICKED TODAY', '', 4),
(171, 'homeFoot CLICKED TODAY', '', 6),
(172, 'homeFoot SHORTENED LINKS', '', 1),
(173, 'homeFoot SHORTENED LINKS', '', 2),
(174, 'homeFoot SHORTENED LINKS', '', 3),
(175, 'homeFoot SHORTENED LINKS', '', 4),
(176, 'homeFoot SHORTENED LINKS', '', 6),
(177, 'homeFoot REGISTERED USERS', '', 1),
(178, 'homeFoot REGISTERED USERS', '', 2),
(179, 'homeFoot REGISTERED USERS', '', 3),
(180, 'homeFoot REGISTERED USERS', '', 4),
(181, 'homeFoot REGISTERED USERS', '', 6),
(182, 'homeFoot Estimated', '', 1),
(183, 'homeFoot Estimated', '', 2),
(184, 'homeFoot Estimated', '', 3),
(185, 'homeFoot Estimated', '', 4),
(186, 'homeFoot Estimated', '', 6),
(187, 'homeMain2 HIGHLY CONVERTING', '', 1),
(188, 'homeMain2 HIGHLY CONVERTING', '', 2),
(189, 'homeMain2 HIGHLY CONVERTING', '', 3),
(190, 'homeMain2 HIGHLY CONVERTING', '', 4),
(191, 'homeMain2 HIGHLY CONVERTING', '', 6),
(192, 'homeMain2 PAYOUT ON', '', 1),
(193, 'homeMain2 PAYOUT ON', '', 2),
(194, 'homeMain2 PAYOUT ON', '', 3),
(195, 'homeMain2 PAYOUT ON', '', 4),
(196, 'homeMain2 PAYOUT ON', '', 6),
(197, 'homeMain2 DEDICATED CUSTOMER', '', 1),
(198, 'homeMain2 DEDICATED CUSTOMER', '', 2),
(199, 'homeMain2 DEDICATED CUSTOMER', '', 3),
(200, 'homeMain2 DEDICATED CUSTOMER', '', 4),
(201, 'homeMain2 DEDICATED CUSTOMER', '', 6),
(202, 'JOIN', '', 1),
(203, 'JOIN', '', 2),
(204, 'JOIN', '', 3),
(205, 'JOIN', '', 4),
(206, 'JOIN', '', 6),
(207, 'login form E-mail', '', 1),
(208, 'login form E-mail', '', 2),
(209, 'login form E-mail', '', 3),
(210, 'login form E-mail', '', 4),
(211, 'login form E-mail', '', 6),
(212, 'login form Password', '', 1),
(213, 'login form Password', '', 2),
(214, 'login form Password', '', 3),
(215, 'login form Password', '', 4),
(216, 'login form Password', '', 6),
(217, 'Name', '', 1),
(218, 'Name', '', 2),
(219, 'Name', '', 3),
(220, 'Name', '', 4),
(221, 'Name', '', 6),
(222, 'Surname', '', 1),
(223, 'Surname', '', 2),
(224, 'Surname', '', 3),
(225, 'Surname', '', 4),
(226, 'Surname', '', 6),
(227, 'E-mail', '', 1),
(228, 'E-mail', '', 2),
(229, 'E-mail', '', 3),
(230, 'E-mail', '', 4),
(231, 'E-mail', '', 6),
(232, 'Password', '', 1),
(233, 'Password', '', 2),
(234, 'Password', '', 3),
(235, 'Password', '', 4),
(236, 'Password', '', 6),
(237, 'Adress More', '', 1),
(238, 'Adress More', '', 2),
(239, 'Adress More', '', 3),
(240, 'Adress More', '', 4),
(241, 'Adress More', '', 6),
(242, 'City', '', 1),
(243, 'City', '', 2),
(244, 'City', '', 3),
(245, 'City', '', 4),
(246, 'City', '', 6),
(247, 'Country', '', 1),
(248, 'Country', '', 2),
(249, 'Country', '', 3),
(250, 'Country', '', 4),
(251, 'Country', '', 6),
(252, 'Zip Code', '', 1),
(253, 'Zip Code', '', 2),
(254, 'Zip Code', '', 3),
(255, 'Zip Code', '', 4),
(256, 'Zip Code', '', 6),
(257, 'Telefon Numarası', '', 1),
(258, 'Telefon Numarası', '', 2),
(259, 'Telefon Numarası', '', 3),
(260, 'Telefon Numarası', '', 4),
(261, 'Telefon Numarası', '', 6),
(262, 'Hesap Tipi', '', 1),
(263, 'Hesap Tipi', '', 2),
(264, 'Hesap Tipi', '', 3),
(265, 'Hesap Tipi', '', 4),
(266, 'Hesap Tipi', '', 6),
(267, 'Şirket', '', 1),
(268, 'Şirket', '', 2),
(269, 'Şirket', '', 3),
(270, 'Şirket', '', 4),
(271, 'Şirket', '', 6),
(272, 'Şahıs', '', 1),
(273, 'Şahıs', '', 2),
(274, 'Şahıs', '', 3),
(275, 'Şahıs', '', 4),
(276, 'Şahıs', '', 6),
(277, 'Ödeme Tipi', '', 1),
(278, 'Ödeme Tipi', '', 2),
(279, 'Ödeme Tipi', '', 3),
(280, 'Ödeme Tipi', '', 4),
(281, 'Ödeme Tipi', '', 6),
(282, 'Paypal', '', 1),
(283, 'Paypal', '', 2),
(284, 'Paypal', '', 3),
(285, 'Paypal', '', 4),
(286, 'Paypal', '', 6),
(287, 'Banka', '', 1),
(288, 'Banka', '', 2),
(289, 'Banka', '', 3),
(290, 'Banka', '', 4),
(291, 'Banka', '', 6),
(292, 'Ödeme Bilgisi', '', 1),
(293, 'Ödeme Bilgisi', '', 2),
(294, 'Ödeme Bilgisi', '', 3),
(295, 'Ödeme Bilgisi', '', 4),
(296, 'Ödeme Bilgisi', '', 6),
(297, 'REGISTER', '', 1),
(298, 'REGISTER', '', 2),
(299, 'REGISTER', '', 3),
(300, 'REGISTER', '', 4),
(301, 'REGISTER', '', 6),
(302, 'HOME', '', 1),
(303, 'HOME', '', 2),
(304, 'HOME', '', 3),
(305, 'HOME', '', 4),
(306, 'HOME', '', 6),
(307, 'YAYINCI', '', 1),
(308, 'YAYINCI', '', 2),
(309, 'YAYINCI', '', 3),
(310, 'YAYINCI', '', 4),
(311, 'YAYINCI', '', 6),
(312, 'Linkler', '', 1),
(313, 'Linkler', '', 2),
(314, 'Linkler', '', 3),
(315, 'Linkler', '', 4),
(316, 'Linkler', '', 6),
(317, 'Link Oluştur', '', 1),
(318, 'Link Oluştur', '', 2),
(319, 'Link Oluştur', '', 3),
(320, 'Link Oluştur', '', 4),
(321, 'Link Oluştur', '', 6),
(322, 'Toplu Link Oluştur', '', 1),
(323, 'Toplu Link Oluştur', '', 2),
(324, 'Toplu Link Oluştur', '', 3),
(325, 'Toplu Link Oluştur', '', 4),
(326, 'Toplu Link Oluştur', '', 6),
(327, 'Ödeme İsteklerim', '', 1),
(328, 'Ödeme İsteklerim', '', 2),
(329, 'Ödeme İsteklerim', '', 3),
(330, 'Ödeme İsteklerim', '', 4),
(331, 'Ödeme İsteklerim', '', 6),
(332, 'Ödeme Almak İstiyorum', '', 1),
(333, 'Ödeme Almak İstiyorum', '', 2),
(334, 'Ödeme Almak İstiyorum', '', 3),
(335, 'Ödeme Almak İstiyorum', '', 4),
(336, 'Ödeme Almak İstiyorum', '', 6),
(337, 'Link Değiştir', '', 1),
(338, 'Link Değiştir', '', 2),
(339, 'Link Değiştir', '', 3),
(340, 'Link Değiştir', '', 4),
(341, 'Link Değiştir', '', 6),
(342, 'Değiştirilen Linkler', '', 1),
(343, 'Değiştirilen Linkler', '', 2),
(344, 'Değiştirilen Linkler', '', 3),
(345, 'Değiştirilen Linkler', '', 4),
(346, 'Değiştirilen Linkler', '', 6),
(347, 'Tüm Linkleri Değiştir', '', 1),
(348, 'Tüm Linkleri Değiştir', '', 2),
(349, 'Tüm Linkleri Değiştir', '', 3),
(350, 'Tüm Linkleri Değiştir', '', 4),
(351, 'Tüm Linkleri Değiştir', '', 6),
(352, 'Popup', '', 1),
(353, 'Popup', '', 2),
(354, 'Popup', '', 3),
(355, 'Popup', '', 4),
(356, 'Popup', '', 6),
(357, 'Popup Reklamlarım', '', 1),
(358, 'Popup Reklamlarım', '', 2),
(359, 'Popup Reklamlarım', '', 3),
(360, 'Popup Reklamlarım', '', 4),
(361, 'Popup Reklamlarım', '', 6),
(362, 'Popup Reklamı Al', '', 1),
(363, 'Popup Reklamı Al', '', 2),
(364, 'Popup Reklamı Al', '', 3),
(365, 'Popup Reklamı Al', '', 4),
(366, 'Popup Reklamı Al', '', 6),
(367, 'REKLAM VEREN', '', 1),
(368, 'REKLAM VEREN', '', 2),
(369, 'REKLAM VEREN', '', 3),
(370, 'REKLAM VEREN', '', 4),
(371, 'REKLAM VEREN', '', 6),
(372, 'Reklamlarım', '', 1),
(373, 'Reklamlarım', '', 2),
(374, 'Reklamlarım', '', 3),
(375, 'Reklamlarım', '', 4),
(376, 'Reklamlarım', '', 6),
(377, 'Reklam Oluştur', '', 1),
(378, 'Reklam Oluştur', '', 2),
(379, 'Reklam Oluştur', '', 3),
(380, 'Reklam Oluştur', '', 4),
(381, 'Reklam Oluştur', '', 6),
(382, 'Ödeme Bildirimlerim', '', 1),
(383, 'Ödeme Bildirimlerim', '', 2),
(384, 'Ödeme Bildirimlerim', '', 3),
(385, 'Ödeme Bildirimlerim', '', 4),
(386, 'Ödeme Bildirimlerim', '', 6),
(387, 'Ödeme Yaptım', '', 1),
(388, 'Ödeme Yaptım', '', 2),
(389, 'Ödeme Yaptım', '', 3),
(390, 'Ödeme Yaptım', '', 4),
(391, 'Ödeme Yaptım', '', 6),
(392, 'ABOUT US', '', 1),
(393, 'ABOUT US', '', 2),
(394, 'ABOUT US', '', 3),
(395, 'ABOUT US', '', 4),
(396, 'ABOUT US', '', 6),
(397, 'CONTACT', '', 1),
(398, 'CONTACT', '', 2),
(399, 'CONTACT', '', 3),
(400, 'CONTACT', '', 4),
(401, 'CONTACT', '', 6),
(402, 'LOG OUT', '', 1),
(403, 'LOG OUT', '', 2),
(404, 'LOG OUT', '', 3),
(405, 'LOG OUT', '', 4),
(406, 'LOG OUT', '', 6),
(407, 'SETTING', '', 1),
(408, 'SETTING', '', 2),
(409, 'SETTING', '', 3),
(410, 'SETTING', '', 4),
(411, 'SETTING', '', 6),
(412, 'E-mail address', '', 1),
(413, 'E-mail address', '', 2),
(414, 'E-mail address', '', 3),
(415, 'E-mail address', '', 4),
(416, 'E-mail address', '', 6),
(417, 'Message', '', 1),
(418, 'Message', '', 2),
(419, 'Message', '', 3),
(420, 'Message', '', 4),
(421, 'Message', '', 6),
(422, 'SEND MESSAGE', '', 1),
(423, 'SEND MESSAGE', '', 2),
(424, 'SEND MESSAGE', '', 3),
(425, 'SEND MESSAGE', '', 4),
(426, 'SEND MESSAGE', '', 6),
(427, 'About Title', '', 1),
(428, 'About Title', '', 2),
(429, 'About Title', '', 3),
(430, 'About Title', '', 4),
(431, 'About Title', '', 6),
(432, 'About Desc', '', 1),
(433, 'About Desc', '', 2),
(434, 'About Desc', '', 3),
(435, 'About Desc', '', 4),
(436, 'About Desc', '', 6),
(437, 'LOGIN', '', 1),
(438, 'LOGIN', '', 2),
(439, 'LOGIN', '', 3),
(440, 'LOGIN', '', 4),
(441, 'LOGIN', '', 6),
(442, 'SIGN UP', '', 1),
(443, 'SIGN UP', '', 2),
(444, 'SIGN UP', '', 3),
(445, 'SIGN UP', '', 4),
(446, 'SIGN UP', '', 6),
(447, 'SLIDER ITEM1', '', 1),
(448, 'SLIDER ITEM1', '', 2),
(449, 'SLIDER ITEM1', '', 3),
(450, 'SLIDER ITEM1', '', 4),
(451, 'SLIDER ITEM1', '', 6),
(452, 'SLIDER ITEM2', '', 1),
(453, 'SLIDER ITEM2', '', 2),
(454, 'SLIDER ITEM2', '', 3),
(455, 'SLIDER ITEM2', '', 4),
(456, 'SLIDER ITEM2', '', 6),
(457, 'SLIDER ITEM3', '', 1),
(458, 'SLIDER ITEM3', '', 2),
(459, 'SLIDER ITEM3', '', 3),
(460, 'SLIDER ITEM3', '', 4),
(461, 'SLIDER ITEM3', '', 6),
(462, 'Error', '', 1),
(463, 'Error', '', 2),
(464, 'Error', '', 3),
(465, 'Error', '', 4),
(466, 'Error', '', 6),
(467, 'Shorten URL and get paid', '', 1),
(468, 'Shorten URL and get paid', '', 2),
(469, 'Shorten URL and get paid', '', 3),
(470, 'Shorten URL and get paid', '', 4),
(471, 'Shorten URL and get paid', '', 6),
(472, 'Enter valid information', '', 1),
(473, 'Enter valid information', '', 2),
(474, 'Enter valid information', '', 3),
(475, 'Enter valid information', '', 4),
(476, 'Enter valid information', '', 6),
(477, 'SHRINK', '', 1),
(478, 'SHRINK', '', 2),
(479, 'SHRINK', '', 3),
(480, 'SHRINK', '', 4),
(481, 'SHRINK', '', 6),
(482, 'MONETIZE', '', 1),
(483, 'MONETIZE', '', 2),
(484, 'MONETIZE', '', 3),
(485, 'MONETIZE', '', 4),
(486, 'MONETIZE', '', 6),
(487, 'YOUR PAGE', '', 1),
(488, 'YOUR PAGE', '', 2),
(489, 'YOUR PAGE', '', 3),
(490, 'YOUR PAGE', '', 4),
(491, 'YOUR PAGE', '', 6),
(492, 'They See', '', 1),
(493, 'They See', '', 2),
(494, 'They See', '', 3),
(495, 'They See', '', 4),
(496, 'They See', '', 6),
(497, 'EARN MONEY', '', 1),
(498, 'EARN MONEY', '', 2),
(499, 'EARN MONEY', '', 3),
(500, 'EARN MONEY', '', 4),
(501, 'EARN MONEY', '', 6),
(502, 'WE WILL', '', 1),
(503, 'WE WILL', '', 2),
(504, 'WE WILL', '', 3),
(505, 'WE WILL', '', 4),
(506, 'WE WILL', '', 6),
(507, 'homeCenter EARNING USERS', '', 1),
(508, 'homeCenter EARNING USERS', '', 2),
(509, 'homeCenter EARNING USERS', '', 3),
(510, 'homeCenter EARNING USERS', '', 4),
(511, 'homeCenter EARNING USERS', '', 6),
(512, 'homeCenter and they are', '', 1),
(513, 'homeCenter and they are', '', 2),
(514, 'homeCenter and they are', '', 3),
(515, 'homeCenter and they are', '', 4),
(516, 'homeCenter and they are', '', 6),
(517, 'homeCenter OWNERS', '', 1),
(518, 'homeCenter OWNERS', '', 2),
(519, 'homeCenter OWNERS', '', 3),
(520, 'homeCenter OWNERS', '', 4),
(521, 'homeCenter OWNERS', '', 6),
(522, 'homeCenter Who earn', '', 1),
(523, 'homeCenter Who earn', '', 2),
(524, 'homeCenter Who earn', '', 3),
(525, 'homeCenter Who earn', '', 4),
(526, 'homeCenter Who earn', '', 6),
(527, 'homeCenter COMMUNITY MEMBERS', '', 1),
(528, 'homeCenter COMMUNITY MEMBERS', '', 2),
(529, 'homeCenter COMMUNITY MEMBERS', '', 3),
(530, 'homeCenter COMMUNITY MEMBERS', '', 4),
(531, 'homeCenter COMMUNITY MEMBERS', '', 6),
(532, 'homeCenter Using adult.tl', '', 1),
(533, 'homeCenter Using adult.tl', '', 2),
(534, 'homeCenter Using adult.tl', '', 3),
(535, 'homeCenter Using adult.tl', '', 4),
(536, 'homeCenter Using adult.tl', '', 6),
(537, 'homeCenter ONLINE MARKETERS', '', 1),
(538, 'homeCenter ONLINE MARKETERS', '', 2),
(539, 'homeCenter ONLINE MARKETERS', '', 3),
(540, 'homeCenter ONLINE MARKETERS', '', 4),
(541, 'homeCenter ONLINE MARKETERS', '', 6),
(542, 'homeCenter Who show others', '', 1),
(543, 'homeCenter Who show others', '', 2),
(544, 'homeCenter Who show others', '', 3),
(545, 'homeCenter Who show others', '', 4),
(546, 'homeCenter Who show others', '', 6),
(547, 'homeCenter JOIN NOW', '', 1),
(548, 'homeCenter JOIN NOW', '', 2),
(549, 'homeCenter JOIN NOW', '', 3),
(550, 'homeCenter JOIN NOW', '', 4),
(551, 'homeCenter JOIN NOW', '', 6),
(552, 'homeMain EASY TO USE', '', 1),
(553, 'homeMain EASY TO USE', '', 2),
(554, 'homeMain EASY TO USE', '', 3),
(555, 'homeMain EASY TO USE', '', 4),
(556, 'homeMain EASY TO USE', '', 6),
(557, 'homeMain Complete Stats', '', 1),
(558, 'homeMain Complete Stats', '', 2),
(559, 'homeMain Complete Stats', '', 3),
(560, 'homeMain Complete Stats', '', 4),
(561, 'homeMain Complete Stats', '', 6),
(562, 'homeMain Website Scripts', '', 1),
(563, 'homeMain Website Scripts', '', 2),
(564, 'homeMain Website Scripts', '', 3),
(565, 'homeMain Website Scripts', '', 4),
(566, 'homeMain Website Scripts', '', 6),
(567, 'homeMain Social Widgets', '', 1),
(568, 'homeMain Social Widgets', '', 2),
(569, 'homeMain Social Widgets', '', 3),
(570, 'homeMain Social Widgets', '', 4),
(571, 'homeMain Social Widgets', '', 6),
(572, 'homeMain WP Blogspot Tools', '', 1),
(573, 'homeMain WP Blogspot Tools', '', 2),
(574, 'homeMain WP Blogspot Tools', '', 3),
(575, 'homeMain WP Blogspot Tools', '', 4),
(576, 'homeMain WP Blogspot Tools', '', 6),
(577, 'homeMain Affiliates', '', 1),
(578, 'homeMain Affiliates', '', 2),
(579, 'homeMain Affiliates', '', 3),
(580, 'homeMain Affiliates', '', 4),
(581, 'homeMain Affiliates', '', 6),
(582, 'homeMain API', '', 1),
(583, 'homeMain API', '', 2),
(584, 'homeMain API', '', 3),
(585, 'homeMain API', '', 4),
(586, 'homeMain API', '', 6),
(587, 'homeFoot FAST GROWING', '', 1),
(588, 'homeFoot FAST GROWING', '', 2),
(589, 'homeFoot FAST GROWING', '', 3),
(590, 'homeFoot FAST GROWING', '', 4),
(591, 'homeFoot FAST GROWING', '', 6),
(592, 'homeFoot Numbers speak', '', 1),
(593, 'homeFoot Numbers speak', '', 2),
(594, 'homeFoot Numbers speak', '', 3),
(595, 'homeFoot Numbers speak', '', 4),
(596, 'homeFoot Numbers speak', '', 6),
(597, 'homeFoot CLICKED TODAY', '', 1),
(598, 'homeFoot CLICKED TODAY', '', 2),
(599, 'homeFoot CLICKED TODAY', '', 3),
(600, 'homeFoot CLICKED TODAY', '', 4),
(601, 'homeFoot CLICKED TODAY', '', 6),
(602, 'homeFoot SHORTENED LINKS', '', 1),
(603, 'homeFoot SHORTENED LINKS', '', 2),
(604, 'homeFoot SHORTENED LINKS', '', 3),
(605, 'homeFoot SHORTENED LINKS', '', 4),
(606, 'homeFoot SHORTENED LINKS', '', 6),
(607, 'homeFoot REGISTERED USERS', '', 1),
(608, 'homeFoot REGISTERED USERS', '', 2),
(609, 'homeFoot REGISTERED USERS', '', 3),
(610, 'homeFoot REGISTERED USERS', '', 4),
(611, 'homeFoot REGISTERED USERS', '', 6),
(612, 'homeFoot Estimated', '', 1),
(613, 'homeFoot Estimated', '', 2),
(614, 'homeFoot Estimated', '', 3),
(615, 'homeFoot Estimated', '', 4),
(616, 'homeFoot Estimated', '', 6),
(617, 'homeMain2 HIGHLY CONVERTING', '', 1),
(618, 'homeMain2 HIGHLY CONVERTING', '', 2),
(619, 'homeMain2 HIGHLY CONVERTING', '', 3),
(620, 'homeMain2 HIGHLY CONVERTING', '', 4),
(621, 'homeMain2 HIGHLY CONVERTING', '', 6),
(622, 'homeMain2 PAYOUT ON', '', 1),
(623, 'homeMain2 PAYOUT ON', '', 2),
(624, 'homeMain2 PAYOUT ON', '', 3),
(625, 'homeMain2 PAYOUT ON', '', 4),
(626, 'homeMain2 PAYOUT ON', '', 6),
(627, 'homeMain2 DEDICATED CUSTOMER', '', 1),
(628, 'homeMain2 DEDICATED CUSTOMER', '', 2),
(629, 'homeMain2 DEDICATED CUSTOMER', '', 3),
(630, 'homeMain2 DEDICATED CUSTOMER', '', 4),
(631, 'homeMain2 DEDICATED CUSTOMER', '', 6),
(632, 'Error', '', 1),
(633, 'Error', '', 2),
(634, 'Error', '', 3),
(635, 'Error', '', 4),
(636, 'Error', '', 6),
(637, 'Shorten URL and get paid', '', 1),
(638, 'Shorten URL and get paid', '', 2),
(639, 'Shorten URL and get paid', '', 3),
(640, 'Shorten URL and get paid', '', 4),
(641, 'Shorten URL and get paid', '', 6),
(642, 'Enter valid information', '', 1),
(643, 'Enter valid information', '', 2),
(644, 'Enter valid information', '', 3),
(645, 'Enter valid information', '', 4),
(646, 'Enter valid information', '', 6),
(647, 'SHRINK', '', 1),
(648, 'SHRINK', '', 2),
(649, 'SHRINK', '', 3),
(650, 'SHRINK', '', 4),
(651, 'SHRINK', '', 6);

-- --------------------------------------------------------

--
-- Tablo için tablo yapısı `language`
--

CREATE TABLE IF NOT EXISTS `language` (
  `ID` int(11) NOT NULL AUTO_INCREMENT,
  `code` varchar(80) NOT NULL,
  PRIMARY KEY (`ID`)
) ENGINE=InnoDB  DEFAULT CHARSET=utf8 AUTO_INCREMENT=7 ;

--
-- Tablo döküm verisi `language`
--

INSERT INTO `language` (`ID`, `code`) VALUES
(1, 'tr'),
(2, 'en'),
(3, 'de'),
(4, 'fr'),
(6, 'es');

-- --------------------------------------------------------

--
-- Tablo için tablo yapısı `payments`
--

CREATE TABLE IF NOT EXISTS `payments` (
  `ID` int(11) NOT NULL AUTO_INCREMENT,
  `user_id` int(11) NOT NULL,
  `payment_type` enum('paypal','bank') DEFAULT NULL,
  `status` enum('wait','done') NOT NULL,
  `balance` float NOT NULL,
  `payment_info` varchar(255) NOT NULL,
  `type` enum('notification','send') NOT NULL,
  `payment_date` datetime NOT NULL,
  PRIMARY KEY (`ID`)
) ENGINE=InnoDB  DEFAULT CHARSET=utf8 AUTO_INCREMENT=8 ;

--
-- Tablo döküm verisi `payments`
--

INSERT INTO `payments` (`ID`, `user_id`, `payment_type`, `status`, `balance`, `payment_info`, `type`, `payment_date`) VALUES
(1, 4, 'bank', 'done', 100, 'Ziraat bankası 123456', 'send', '2016-11-30 00:00:00'),
(3, 4, NULL, 'done', 50, 'Garanti Bankası', 'notification', '2016-12-30 00:00:00'),
(4, 4, NULL, 'done', 25, 'Finans Bank', 'notification', '2017-01-30 00:00:00'),
(5, 4, NULL, 'wait', 25, 'Garanti Bankası', 'notification', '2017-02-08 00:00:00'),
(6, 4, 'paypal', 'wait', 100, 'Ziraat bankası 123456', 'send', '2017-03-30 00:00:00'),
(7, 4, 'paypal', 'done', 50.3, 'Ziraat bankası 123456', 'send', '2017-02-04 17:41:10');

-- --------------------------------------------------------

--
-- Tablo için tablo yapısı `ppc_country`
--

CREATE TABLE IF NOT EXISTS `ppc_country` (
  `ID` int(11) NOT NULL AUTO_INCREMENT,
  `ppc` float NOT NULL,
  `ppc_publisher` float NOT NULL,
  `country_code` varchar(4) NOT NULL,
  `is_3g` bit(1) NOT NULL,
  `ad_type` enum('header_banner','interstitial','popup') NOT NULL,
  PRIMARY KEY (`ID`)
) ENGINE=InnoDB  DEFAULT CHARSET=utf8 AUTO_INCREMENT=3 ;

--
-- Tablo döküm verisi `ppc_country`
--

INSERT INTO `ppc_country` (`ID`, `ppc`, `ppc_publisher`, `country_code`, `is_3g`, `ad_type`) VALUES
(1, 0.31, 0.38, 'TR', b'1', 'interstitial'),
(2, 0.31, 0.38, 'TR', b'1', 'header_banner');

-- --------------------------------------------------------

--
-- Tablo için tablo yapısı `settings`
--

CREATE TABLE IF NOT EXISTS `settings` (
  `ID` int(11) NOT NULL AUTO_INCREMENT,
  `payment_info` text NOT NULL,
  `title` varchar(255) NOT NULL,
  `header_ppc` float NOT NULL,
  `interstitial_ppc` float NOT NULL,
  `payment_banks` varchar(255) NOT NULL,
  `minimum_payment` int(11) NOT NULL,
  `header_ppc_publisher` float NOT NULL,
  `interstitial_ppc_publisher` float NOT NULL,
  `popup_ppc` float NOT NULL,
  `popup_ppc_publisher` float NOT NULL,
  PRIMARY KEY (`ID`)
) ENGINE=InnoDB  DEFAULT CHARSET=utf8 AUTO_INCREMENT=2 ;

--
-- Tablo döküm verisi `settings`
--

INSERT INTO `settings` (`ID`, `payment_info`, `title`, `header_ppc`, `interstitial_ppc`, `payment_banks`, `minimum_payment`, `header_ppc_publisher`, `interstitial_ppc_publisher`, `popup_ppc`, `popup_ppc_publisher`) VALUES
(1, '<p>İş Bankası TR:100001000000</p>\n<p>İş Bankası TR:100001000000</p>', 'Reklam', 0.1, 0.1, 'İş Bankası,Garanti Bankası,Finans Bank', 20, 0.05, 0.05, 20, 25);

-- --------------------------------------------------------

--
-- Tablo için tablo yapısı `urls`
--

CREATE TABLE IF NOT EXISTS `urls` (
  `ID` int(11) NOT NULL AUTO_INCREMENT,
  `url` varchar(20) NOT NULL,
  `redirect_url` varchar(255) NOT NULL,
  `price` float NOT NULL,
  `impression` int(11) NOT NULL,
  `user_id` int(11) NOT NULL,
  `created_date` datetime NOT NULL,
  `visitor` int(11) NOT NULL,
  `type` enum('link','changelink','popup') NOT NULL,
  PRIMARY KEY (`ID`),
  UNIQUE KEY `url` (`url`)
) ENGINE=InnoDB  DEFAULT CHARSET=utf8 AUTO_INCREMENT=38 ;

--
-- Tablo döküm verisi `urls`
--

INSERT INTO `urls` (`ID`, `url`, `redirect_url`, `price`, `impression`, `user_id`, `created_date`, `visitor`, `type`) VALUES
(5, 'M2NPiO', 'http://www.formvalidator.net/#security-validators', 0, 0, 3, '2017-01-30 15:27:10', 0, 'link'),
(6, 'eCxFrT', 'http://www.masmedikal.com/beta/', 0.25, 3, 4, '2017-02-02 08:39:41', 1, 'link'),
(8, 'HhObBr', 'http://tureng.com/tr/turkce-ingilizce/\r', 0, 0, 4, '2017-02-17 08:06:08', 0, 'link'),
(9, 'QkKxZj', 'http://adrenalinebox.com/evde-aletsiz-vucut-agirligi-ile-omuz-egzersizleri/', 0, 0, 4, '2017-02-17 08:06:08', 0, 'link'),
(10, 'C08B78', 'https://regex101.com/\r', 25.76, 2, 4, '2017-02-17 08:08:01', 1, 'link'),
(11, 'EDcTmM', 'https://mail.google.com/mail/u/1/#inbox\r', 0, 0, 4, '2017-02-17 08:08:01', 0, 'link'),
(12, 'Coydnp', 'https://bitbucket.org/\r', 25.76, 1, 4, '2017-02-17 08:08:01', 1, 'link'),
(13, 'EB9aLM', 'https://www.youtube.com/', 0, 0, 4, '2017-02-17 08:08:01', 0, 'link'),
(14, '6D3JLx', 'http://www.masmedikal.com/', 0.76, 2, 4, '2017-02-20 13:23:14', 1, 'changelink'),
(15, 'm2GQfF', 'http://www.masmedikal.com/', 125, 22, 4, '2017-02-24 19:05:22', 5, 'popup'),
(16, 'CweSd5', 'http://www.ambalaj.org.tr/tr/default.html', 0, 0, 4, '2017-04-05 11:01:40', 0, 'link'),
(17, 'CIkpPt', 'http://www.masmedikal.com/', 0, 0, 4, '2017-04-05 13:48:09', 0, 'link'),
(18, 'mF3LyB', 'http://www.masmedikal.com/', 0, 0, 4, '2017-04-05 15:40:44', 0, 'link'),
(19, 'wYdWcM', 'http://www.masmedikal.com/', 0, 0, 4, '2017-04-05 15:44:31', 0, 'link'),
(20, 'M5Ffyx', '', 0, 0, 4, '2017-04-05 15:44:48', 0, 'link'),
(21, 'MZw6ch', '', 0, 0, 4, '2017-04-05 15:44:55', 0, 'link'),
(22, 'paCd7V', 'http://www.masmedikal.com/', 0, 0, 4, '2017-04-05 15:46:53', 0, 'link'),
(23, 'saOJ9z', 'http://www.masmedikal.com/', 0, 0, 4, '2017-04-05 15:47:12', 0, 'link'),
(24, 'roKWBI', 'http://www.masmedikal.com/', 25.1, 6, 4, '2017-04-05 15:48:59', 1, 'link'),
(25, 'KUAoXz', 'http://masmedikal.com', 0, 0, 4, '2017-04-05 15:58:45', 0, 'link'),
(26, 'bNvMjs', 'http://www.masmedikal.com/', 0, 0, 0, '2017-04-06 10:29:13', 0, 'link'),
(27, 'Hcy5YS', 'http://www.masmedikal.com/', 0, 0, 0, '2017-04-06 10:29:53', 0, 'link'),
(28, 'vAL1IB', 'http://www.masmedikal.com/', 0, 0, 0, '2017-04-06 10:30:21', 0, 'link'),
(29, 'cXPM6V', 'http://masmedikal.com', 0, 0, 0, '2017-04-06 10:32:35', 0, 'link'),
(30, 'MWXq9M', 'http://masmedikal.com', 0, 0, 0, '2017-04-06 10:32:51', 0, 'link'),
(31, 'EIibdx', 'http://masmedikal.com', 0, 0, 0, '2017-04-06 10:32:51', 0, 'link'),
(32, 'sI5E59', 'http://www.masmedikal.com/', 0, 0, 0, '2017-04-06 10:36:10', 0, 'link'),
(33, 'BNv3Es', 'http://www.masmedikal.com/', 0, 0, 0, '2017-04-06 10:36:18', 0, 'link'),
(34, '4jKhC0', 'http://www.masmedikal.com/', 0, 0, 0, '2017-04-06 10:36:18', 0, 'link'),
(35, 'C401s6', 'http://www.masmedikal.com/', 0, 0, 4, '2017-04-07 12:01:49', 0, 'link'),
(36, 'G9ZEd7', 'http://www.masmedikal.com/', 25.1, 2, 4, '2017-04-07 12:01:58', 1, 'link'),
(37, 'reXDtw', 'https://www.facebook.com/', 25.1, 1, 1, '2017-04-20 10:49:39', 1, 'link');

-- --------------------------------------------------------

--
-- Tablo için tablo yapısı `user`
--

CREATE TABLE IF NOT EXISTS `user` (
  `ID` int(11) NOT NULL AUTO_INCREMENT,
  `email` varchar(255) NOT NULL,
  `password` varchar(255) NOT NULL,
  `user_type` enum('admin','user') NOT NULL,
  `name` varchar(255) NOT NULL,
  `address1` varchar(255) NOT NULL,
  `address2` varchar(255) NOT NULL,
  `city` varchar(255) NOT NULL,
  `country` varchar(255) NOT NULL,
  `zip_code` varchar(255) NOT NULL,
  `phone_number` varchar(255) NOT NULL,
  `account_type` enum('personel','corporate') NOT NULL,
  `payment_type` enum('paypal','bank') NOT NULL,
  `payment_info` varchar(255) NOT NULL,
  `balance` float NOT NULL,
  `created_ip` varchar(20) NOT NULL,
  `surname` varchar(250) NOT NULL,
  `publish` int(11) NOT NULL,
  PRIMARY KEY (`ID`)
) ENGINE=InnoDB  DEFAULT CHARSET=utf8 AUTO_INCREMENT=6 ;

--
-- Tablo döküm verisi `user`
--

INSERT INTO `user` (`ID`, `email`, `password`, `user_type`, `name`, `address1`, `address2`, `city`, `country`, `zip_code`, `phone_number`, `account_type`, `payment_type`, `payment_info`, `balance`, `created_ip`, `surname`, `publish`) VALUES
(1, 'alper', '12345', 'admin', '', '', '', '', '', '', '', 'personel', 'paypal', '', 25.1, '0', '', 1),
(2, 'cagri', '123456', 'admin', '', '', '', '', '', '', '', 'personel', 'paypal', '', 0, '0', '', 0),
(4, 'alpersalviz@gmail.com', '123', 'user', 'Alper', '7052 sok. No:37 D:2', '7052 sok. No:37 D:2', 'İzmir', 'Türkiye', '35510', '5062798442', '', 'paypal', 'Ziraat bankasi Fiana', 152.68, '127.0.0.1', 'Şalvız', 1),
(5, 'alpersalviz@gmail.com', '123456', 'user', 'Alper', '7052 sok. No:37 D:2', '7052 sok. No:37 D:2', 'Adana', 'Türkiye', '35510', '5062798443', 'corporate', 'bank', 'Ziraat bankasi', 0, '127.0.0.1', 'Şalvız', 1);

/*!40101 SET CHARACTER_SET_CLIENT=@OLD_CHARACTER_SET_CLIENT */;
/*!40101 SET CHARACTER_SET_RESULTS=@OLD_CHARACTER_SET_RESULTS */;
/*!40101 SET COLLATION_CONNECTION=@OLD_COLLATION_CONNECTION */;
