-- phpMyAdmin SQL Dump
-- version 4.1.14
-- http://www.phpmyadmin.net
--
-- Anamakine: 127.0.0.1
-- Üretim Zamanı: 05 May 2017, 17:04:41
-- Sunucu sürümü: 5.6.17
-- PHP Sürümü: 5.5.12

SET SQL_MODE = "NO_AUTO_VALUE_ON_ZERO";
SET time_zone = "+00:00";


/*!40101 SET @OLD_CHARACTER_SET_CLIENT=@@CHARACTER_SET_CLIENT */;
/*!40101 SET @OLD_CHARACTER_SET_RESULTS=@@CHARACTER_SET_RESULTS */;
/*!40101 SET @OLD_COLLATION_CONNECTION=@@COLLATION_CONNECTION */;
/*!40101 SET NAMES utf8 */;

--
-- Veritabanı: `masmedikal`
--

-- --------------------------------------------------------

--
-- Tablo için tablo yapısı `city`
--

CREATE TABLE IF NOT EXISTS `city` (
  `ID` int(11) NOT NULL AUTO_INCREMENT,
  `city` varchar(255) CHARACTER SET utf8 NOT NULL,
  PRIMARY KEY (`ID`)
) ENGINE=InnoDB  DEFAULT CHARSET=latin1 AUTO_INCREMENT=7 ;

--
-- Tablo döküm verisi `city`
--

INSERT INTO `city` (`ID`, `city`) VALUES
(1, 'IZMIR'),
(2, 'GAZIANTEP'),
(3, 'ANTALYA'),
(4, 'ISTANBUL'),
(5, 'ANKARA'),
(6, 'K.K.T.C.');

-- --------------------------------------------------------

--
-- Tablo için tablo yapısı `hospital`
--

CREATE TABLE IF NOT EXISTS `hospital` (
  `ID` int(255) NOT NULL AUTO_INCREMENT,
  `name_hosp` varchar(255) NOT NULL,
  `city_hosp` varchar(255) NOT NULL,
  PRIMARY KEY (`ID`)
) ENGINE=InnoDB  DEFAULT CHARSET=utf8 AUTO_INCREMENT=16 ;

--
-- Tablo döküm verisi `hospital`
--

INSERT INTO `hospital` (`ID`, `name_hosp`, `city_hosp`) VALUES
(1, 'EGE UNIVERSITY', '1'),
(2, 'GAZIANTEP UNIVERSITY', '2'),
(3, 'AKDENIZ UNIVERSITY', '3'),
(4, 'DOKUZ EYLUL UNIVERSITY', '1'),
(5, 'KOSUYOLU STATE HOSPITAL', '4'),
(6, 'BASKENT UNIVERSITY', '5'),
(7, 'GAZI UNIVERSITY', '5'),
(8, 'FLORENCE HOSPITAL', '4'),
(9, 'ANKARA UNIVERSITY', '5'),
(10, 'YÜKSEK İHTİSAS HOSPITAL', '5'),
(11, 'MEDLINE HOSPITAL', '3'),
(12, 'SİYAMİ ERSEK ', '4'),
(13, 'HACETTEPE UNIVERSITY', '5'),
(14, 'DR. BURHAN NALBANTOĞLU HOSPITAL', '6'),
(15, 'MEHMET AKIF ERSOY STATE HOSPITAL', '4');

-- --------------------------------------------------------

--
-- Tablo için tablo yapısı `implant`
--

CREATE TABLE IF NOT EXISTS `implant` (
  `ID` int(20) NOT NULL AUTO_INCREMENT,
  `patientID` varchar(70) NOT NULL,
  `HVADPumpID` varchar(80) NOT NULL,
  `hospitalID` int(255) NOT NULL,
  `implant_date` date NOT NULL,
  `status_date` date NOT NULL,
  `patient_status` varchar(100) NOT NULL,
  `descr_dev_of_pat` varchar(255) NOT NULL,
  `stay_duration_of_dev` varchar(250) NOT NULL,
  `qty` int(11) NOT NULL,
  PRIMARY KEY (`ID`)
) ENGINE=InnoDB  DEFAULT CHARSET=utf8 AUTO_INCREMENT=537 ;

--
-- Tablo döküm verisi `implant`
--

INSERT INTO `implant` (`ID`, `patientID`, `HVADPumpID`, `hospitalID`, `implant_date`, `status_date`, `patient_status`, `descr_dev_of_pat`, `stay_duration_of_dev`, `qty`) VALUES
(1, 'EGE001NH', 'HW1216', 1, '2010-12-08', '2012-06-15', 'Died', '', '555', 1),
(2, 'EGE002CA', 'HW1217', 1, '2010-12-10', '2013-06-30', 'Died', '', '933', 1),
(3, 'ANTEP001VO', 'HW1214', 2, '2010-12-21', '2011-02-25', 'Tx', '', '66', 1),
(4, 'EGE003AA', 'HW1369', 1, '2010-12-23', '2013-07-11', 'Tx', '', '931', 1),
(5, 'EGE004FO', 'HW1370', 1, '2010-12-24', '2011-06-07', 'Tx', '', '165', 1),
(6, 'EGE005ZAA', 'HW1215', 1, '2010-12-29', '2013-05-10', 'Tx', '', '863', 1),
(7, 'AKD001BC', 'HW1365', 3, '2011-01-12', '2011-01-13', 'Died on Post-op ICU period', '', '1', 1),
(8, 'EGE006AA', 'HW1473', 1, '2011-01-13', '2011-09-07', 'Died', '', '237', 1),
(9, 'DEU001AK', 'HW1424', 4, '2011-01-20', '2011-01-27', 'Died on Post-op ICU period', '', '7', 1),
(10, 'EGE007HK', 'HW1482', 1, '2011-01-20', '2012-12-01', 'Died', '', '681', 1),
(11, 'ANTEP002AK', 'HW1527', 2, '2011-02-11', '2011-03-15', 'Died on Post-op ICU period', '', '32', 1),
(12, 'EGE008SS', 'HW1522', 1, '2011-02-11', '2011-07-20', 'Tx', '', '159', 1),
(13, 'AKD002RD', ' HW1536', 3, '2011-02-22', '2012-07-15', 'Died', '', '509', 1),
(14, 'AKD003AB', 'HW1561', 3, '2011-04-22', '2011-04-23', 'Died on Post-op ICU period', '', '1', 1),
(15, 'EGE009TG', 'HW1526', 1, '2011-06-02', '2013-11-27', 'Died (Brain Bleeding-Pump Thrombus)', '', '909', 1),
(16, 'EGE010SS', 'HW1464', 1, '2011-08-15', '2013-02-02', 'Died', '', '537', 1),
(17, 'AKD004AT', 'HW1847', 3, '2011-08-23', '2013-07-26', 'Died', '', '703', 1),
(18, 'EGE011LO', 'HW2167', 1, '2012-01-04', '2012-04-26', 'Died on Post-op ICU period', '', '113', 1),
(19, 'ANTEP003SG', 'HW1936', 2, '2012-01-30', '2014-03-15', 'Died (SVO)', '', '775', 1),
(20, 'ANTEP004ARA', 'HW1969', 2, '2012-02-02', '2013-07-15', 'Died', '', '529', 1),
(21, 'AKD005AK', 'HW1937', 3, '2012-02-03', '2013-05-14', 'Died', '', '466', 1),
(22, 'AKD006MA', 'HW1977', 3, '2012-02-06', '2017-04-25', 'On Device', '', '1.905', 1),
(23, 'EGE012IMS', 'HW1942', 1, '2012-02-07', '2012-02-16', 'Died on Post-op ICU period', '', '9', 1),
(24, 'EGE013OG', 'HW1972', 1, '2012-02-10', '2012-02-14', 'Died on Post-op ICU period', '', '4', 1),
(25, 'EGE014NSN', 'HW1933', 1, '2012-02-10', '2017-04-25', 'On Device', '', '1.901', 1),
(26, 'EGE015FT', 'HW1973', 1, '2012-02-10', '2015-12-14', 'Died (Sepsis)', '', '1.403', 1),
(27, 'AKD007ZA', 'HW1931', 3, '2012-02-10', '2015-06-13', 'Died', '', '1.219', 1),
(28, 'EGE016HUU', 'HW1979', 1, '2012-02-21', '2012-10-08', 'Died', '', '230', 1),
(29, 'AKD008RA', 'HW1993', 3, '2012-02-24', '2015-08-18', 'Died', '', '1.271', 1),
(30, 'ANTEP005HT', 'HW1911', 2, '2012-02-28', '2017-04-25', 'On Device', '', '1.883', 1),
(31, 'AKD009DG', 'HW2021-HW20423', 3, '2012-02-28', '2014-03-16', 'Died (MOF)', '', '747', 1),
(32, 'AKD010HT', 'HW1991', 3, '2012-02-28', '2012-11-03', 'Died', '', '249', 1),
(33, 'AKD011KD', 'HW2022', 3, '2012-03-02', '2014-07-22', 'Died', '', '872', 1),
(34, 'AKD012AA', 'HW1909', 3, '2012-03-06', '2012-10-14', 'Died', '', '222', 1),
(35, 'AKD013KA', 'HW1994', 3, '2012-03-12', '2014-02-04', 'Died (SVO)', '', '694', 1),
(36, 'EGE017EKT', 'HW1992', 1, '2012-03-13', '2012-03-31', 'Died on Post-op ICU period', '', '18', 1),
(37, 'AKD014MC', 'HW1910', 3, '2012-03-15', '2014-05-21', 'Died', '', '797', 1),
(38, 'EGE018AA', 'HW2024', 1, '2012-03-15', '2012-03-30', 'Died on Post-op ICU period', '', '15', 1),
(39, 'ANTEP006CI', 'HW1954 (L) - HW1957 (R)', 2, '2012-03-15', '2012-04-17', 'Died on Post-op ICU period', '', '33', 1),
(40, 'AKD015UC', 'HW1956', 3, '2012-03-21', '2012-09-25', 'Died', '', '188', 1),
(41, 'EGE019HHA', 'HW2025', 1, '2012-03-22', '2014-01-01', 'Died', '', '650', 1),
(42, 'AKD016NT', 'HW1958', 3, '2012-03-29', '2012-04-14', 'Died on Post-op ICU period', '', '16', 1),
(43, 'EGE020MT', 'HW1641', 1, '2012-03-29', '2012-04-03', 'Tx', '', '5', 1),
(44, 'KKY001MD', 'HW1804', 5, '2012-04-02', '2012-06-06', 'Died', '', '65', 1),
(45, 'AKD017FO', 'HW1959', 3, '2012-04-04', '2012-05-20', 'Tx', '', '46', 1),
(46, 'BUAH001NG', 'HW1949', 6, '2012-04-04', '2013-04-02', 'Died', '', '363', 1),
(47, 'AKD018SC', 'HW1808', 3, '2012-04-05', '2015-09-15', 'Died', '', '1.258', 1),
(48, 'BUAH002HA', 'HW1811', 6, '2012-04-05', '2017-04-25', 'On Device', '', '1.846', 1),
(49, 'AKD019BT', 'HW1796', 3, '2012-04-25', '2014-05-21', 'Died', '', '756', 1),
(50, 'KKY002TT', 'HW1824', 5, '2012-05-03', '2017-04-25', 'On Device', '', '1.818', 1),
(51, 'EGE021ES', 'HW1832', 1, '2012-05-03', '2012-06-27', 'Died on Post-op ICU period', '', '55', 1),
(52, 'GAZI001OK', 'HW1819', 7, '2012-05-08', '2012-05-13', 'Died on Post-op ICU period', '', '5', 1),
(53, 'FLO001AA', 'HW1960', 8, '2012-05-15', '2017-04-25', 'On Device', '', '1.806', 1),
(54, 'AKD020MS', 'HW1876', 3, '2012-05-22', '2013-07-06', 'Died', '', '410', 1),
(55, 'AKD021HK', 'HW1965', 3, '2012-05-24', '2017-04-25', 'On Device', '', '1.797', 1),
(56, 'BUAH003AE', 'HW1961', 6, '2012-05-25', '2014-07-06', 'Tx', '', '772', 1),
(57, 'BUAH004YA', 'HW1968', 6, '2012-05-30', '2012-07-12', 'Died on Post-op ICU period', '', '43', 1),
(58, 'AKD022MS', 'HW1962 (L) - HW1882 (R)', 3, '2012-05-31', '2012-06-03', 'Died on Post-op ICU period', '', '3', 1),
(59, 'BUAH005SY', 'HW1971', 6, '2012-05-31', '2013-05-01', 'Died', '', '335', 1),
(60, 'EGE022MT', 'HW1964', 1, '2012-05-31', '2017-04-25', 'On Device', '', '1.790', 1),
(61, 'EGE023YP', 'HW1699', 1, '2012-06-08', '2015-07-06', 'Died (SVO)', '', '1.123', 1),
(62, 'ANKA001SC', 'HW1978', 9, '2012-06-14', '2012-06-17', 'Died on Post-op ICU period', '', '3', 1),
(63, 'ANTEP007ZU', 'HW1698', 2, '2012-06-25', '2016-07-08', 'Tx', '', '1.474', 1),
(64, 'ANTEP008HK', 'HW2479', 2, '2012-06-26', '2015-07-01', 'Tx', '', '1.100', 1),
(65, 'AKD023MD', 'HW1974', 3, '2012-06-26', '2014-02-12', 'Died (Respiratory Arrest)', '', '596', 1),
(66, 'AKD024CD', 'HW1970', 3, '2012-06-26', '2017-04-25', 'On Device', '', '1.764', 1),
(67, 'GAZI002MD', 'HW1976', 7, '2012-07-05', '2014-05-03', 'Tx', '', '667', 1),
(68, 'EGE024KK', 'HW1857', 1, '2012-07-19', '2014-10-09', 'Died (SVO)', '', '812', 1),
(69, 'AKD025UV', 'HW1821', 3, '2012-07-24', '2014-04-18', 'Died', '', '633', 1),
(70, 'ANTEP009NU', 'HW1926', 2, '2012-07-24', '2013-07-02', 'Died', '', '343', 1),
(71, 'ANTEP010IA', 'HW1815', 2, '2012-07-25', '2012-09-13', 'Died', '', '2/18/1900', 1),
(72, 'EGE025FG', 'HW1967', 1, '2012-07-30', '2012-08-01', 'Died on Post-op ICU period', '', '1/1/1900', 1),
(73, 'EGE026MEP', 'HW1810', 1, '2012-08-01', '2012-08-18', 'Died on Post-op ICU period', '', '1/16/1900', 1),
(74, 'AKD026KFK', 'HW1856', 3, '2012-08-07', '2013-04-22', 'Tx', '', '9/14/1900', 1),
(75, 'AKD027FA', 'HW1896', 3, '2012-08-08', '2013-02-05', 'Died', '', '6/29/1900', 1),
(76, 'EGE027ZA', 'HW1839', 1, '2012-08-08', '2017-04-25', 'On Device', '', '9/16/1904', 1),
(77, 'EGE028SE', 'HW1947', 1, '2012-08-15', '2012-08-27', 'Tx', '', '1/11/1900', 1),
(78, 'EGE029NG', 'HW1952', 1, '2012-09-05', '2013-04-30', 'Died', '', '8/24/1900', 1),
(79, 'AKD028SK', 'HW1879', 3, '2012-09-06', '2012-09-10', 'Died on Post-op ICU period', '', '1/3/1900', 1),
(80, 'EGE030MY', 'HW1950', 1, '2012-09-12', '2012-11-22', 'Tx', '', '3/11/1900', 1),
(81, 'EGE031RNO', 'HW1747', 1, '2012-10-09', '2013-04-25', 'Tx', '', '7/16/1900', 1),
(82, 'KKY003AU', 'HW1702', 5, '2012-10-09', '2017-04-25', 'On Device', '', '7/16/1904', 1),
(83, 'BUAH006ST', 'HW1741', 6, '2012-10-11', '2012-10-20', 'Died on Post-op ICU period', '', '1/8/1900', 1),
(84, 'EGE032RB', 'HW1593', 1, '2012-10-18', '2014-08-20', 'TX', '', '11/1/1901', 1),
(85, 'EGE033OK', 'HW2023', 1, '2012-11-05', '2014-03-15', 'TX', '', '5/9/1901', 1),
(86, 'EGE034IHO', 'HW1927 - HW21089', 1, '2012-11-14', '2014-11-01', 'Died', '', '12/17/1901', 1),
(87, 'EGE035HB', 'HW1966', 1, '2012-11-15', '2017-04-25', 'On Device', '', '6/9/1904', 1),
(88, 'ANTEP011AE', 'HW1740', 2, '2012-11-23', '2012-11-29', 'Died on Post-op ICU period', '', '1/5/1900', 1),
(89, 'EGE036RG', 'HW1718', 1, '2012-12-03', '2017-04-25', 'On Device', '', '5/22/1904', 1),
(90, 'AKD029AE', 'HW1943', 3, '2012-12-04', '2017-04-25', 'On Device', '', '5/21/1904', 1),
(91, 'EGE037MG', 'HW1696', 1, '2012-12-04', '2013-11-19', 'TX', '', '12/15/1900', 1),
(92, 'EGE038NT', 'HW1831', 1, '2012-12-12', '2013-01-01', 'Died on Post-op ICU period', '', '1/19/1900', 1),
(93, 'AKDE030AO', 'HW10333-HW10357', 3, '2012-12-13', '2012-12-21', 'Died', '', '1/7/1900', 1),
(94, 'EGE039BT', 'HW1884 - HW20710', 1, '2012-12-19', '2017-04-25', 'On Device', '', '5/6/1904', 1),
(95, 'EGE040UO', 'HW10398', 1, '2013-01-04', '2017-04-25', 'On Device', '', '4/20/1904', 1),
(96, 'ANTEP012SO', 'HW10227', 2, '2013-01-07', '2013-01-13', 'Died on Post-op ICU period', '', '1/5/1900', 1),
(97, 'ANTEP013AY', 'HW10223', 2, '2013-01-08', '2013-01-14', 'Died on Post-op ICU period', '', '1/5/1900', 1),
(98, 'EGE041BO', 'HW10224 - HW20508', 1, '2013-01-12', '2014-03-19', 'Died', '', '3/6/1901', 1),
(99, 'EGE042IN', 'HW10335', 1, '2013-01-18', '2017-04-25', 'On Device', '', '4/6/1904', 1),
(100, 'EGE043EO', 'HW10399', 1, '2013-01-22', '2013-05-14', 'Tx', '', '4/21/1900', 1),
(101, 'EGE044SK', 'HW10231', 1, '2013-01-26', '2013-07-26', 'Died', '', '6/29/1900', 1),
(102, 'FLO002HG', 'HW10400', 8, '2013-02-06', '2014-05-14', 'Tx', '', '4/6/1901', 1),
(103, 'AKD031EK', 'HW10352', 3, '2013-02-06', '2017-04-25', 'On Device', '', '3/18/1904', 1),
(104, 'EGE045MM', 'HW10564', 1, '2013-02-14', '2017-04-25', 'On Device', '', '3/10/1904', 1),
(105, 'EGE046ES', 'HW10230', 1, '2013-02-19', '2017-04-25', 'On Device', '', '3/5/1904', 1),
(106, 'EGE047TT', 'HW10556', 1, '2013-03-04', '2013-03-14', 'Died on Post-op ICU period', '', '1/9/1900', 1),
(107, 'EGE048RK', 'HW10537', 1, '2013-03-07', '2014-05-30', 'TX', '', '3/24/1901', 1),
(108, 'EGE049YA', 'HW10565', 1, '2013-03-21', '2014-10-30', 'Died (Infection)', '', '8/10/1901', 1),
(109, 'AKD032KS', 'HW10554 - HW21003', 3, '2013-03-21', '2015-03-22', 'Died', '', '12/31/1901', 1),
(110, 'ANTEP014MT', 'HW10561', 2, '2013-03-22', '2015-08-06', 'Tx', '', '5/16/1902', 1),
(111, 'EGE050SC', 'HW10548', 1, '2013-03-22', '2014-01-15', 'Died (SVO)', '', '10/25/1900', 1),
(112, 'EGE051HAS', ' HW10341', 1, '2013-03-27', '2014-07-08', 'Died(Infection & SVO)', '', '4/12/1901', 1),
(113, 'EGE052HC', 'HW10433', 1, '2013-04-05', '2016-08-21', 'Died', '', '5/18/1903', 1),
(114, 'BUAH007HS', 'HW10729', 6, '2013-04-17', '2014-10-03', 'Tx', '', '6/17/1901', 1),
(115, 'KKY004MY', 'HW10553', 5, '2013-04-17', '2013-05-05', 'Died', '', '1/17/1900', 1),
(116, 'EGE053MG', 'HW10448', 1, '2013-04-19', '2014-06-01', 'Died', '', '2/11/1901', 1),
(117, 'FLO003AE', 'HW10402', 8, '2013-05-02', '2017-04-25', 'On Device', '', '12/24/1903', 1),
(118, 'AKD033MT', 'HW10642', 3, '2013-05-06', '2013-05-30', 'Died', '', '1/23/1900', 1),
(119, 'EGE0054SC', 'HW3032', 1, '2013-05-15', '2017-04-25', 'On Device', '', '12/11/1903', 1),
(120, 'YIH001SG', 'HW10752', 10, '2013-05-20', '2017-04-25', 'On Device', '', '12/6/1903', 1),
(121, 'EGE055RS', 'HW3097', 1, '2013-05-21', '2017-04-25', 'On Device', '', '12/5/1903', 1),
(122, 'EGE056HB', 'HW10447', 1, '2013-05-27', '2016-08-25', 'Tx', '', '3/31/1903', 1),
(123, 'ANTEP015MK', 'HW10697', 2, '2013-05-28', '2013-06-04', 'Died', '', '1/6/1900', 1),
(124, 'FLO004FA', 'HW10520', 8, '2013-05-29', '2017-04-25', 'On Device', '', '11/27/1903', 1),
(125, 'FLO005MK', 'HW10699', 8, '2013-06-03', '2015-11-22', 'Died', '', '6/20/1902', 1),
(126, 'YIH002HT', 'HW10731', 10, '2013-06-05', '2013-07-21', 'Died', '', '2/14/1900', 1),
(127, 'AKD034IK', 'HW10416', 3, '2013-06-06', '2017-04-25', 'On Device', '', '11/19/1903', 1),
(128, 'EGE057HIS', 'HW10404', 1, '2013-06-08', '2014-04-22', 'Died (SVO)', '', '11/13/1900', 1),
(129, 'ANTEP016FA', 'HW10220', 2, '2013-06-10', '2015-08-14', 'Tx', '', '3/5/1902', 1),
(130, 'AKD035İA', 'HW10483', 3, '2013-06-12', '2017-04-25', 'On Device', '', '11/13/1903', 1),
(131, 'ANTEP017IK', 'HW10544', 2, '2013-06-12', '2017-04-25', 'On Device', '', '11/13/1903', 1),
(132, 'EGE058ZG', 'HW10751', 1, '2013-06-24', '2017-04-25', 'On Device', '', '11/1/1903', 1),
(133, 'FLO006SA', 'HW10727', 8, '2013-06-25', '2014-12-15', 'Died', '', '6/21/1901', 1),
(134, 'EGE059IG', 'HW10696', 1, '2013-06-27', '2017-04-25', 'On Device', '', '10/29/1903', 1),
(135, 'BUAH008FF', 'HW10826', 6, '2013-07-02', '2013-07-06', 'Died', '', '1/3/1900', 1),
(136, 'FLO007TG', 'HW10849', 8, '2013-07-02', '2013-07-06', 'Died', '', '1/3/1900', 1),
(137, 'AKD036SA', 'HW10526', 3, '2013-07-03', '2013-07-04', 'Died', '', '12/31/1899', 1),
(138, 'EGE060AC', 'HW10754', 1, '2013-07-04', '2017-04-25', 'On Device', '', '10/22/1903', 1),
(139, 'EGE061HK', 'HW10853', 1, '2013-07-05', '2015-03-04', 'Tx', '', '8/29/1901', 1),
(140, 'KKY005SRS', 'HW10811', 5, '2013-07-08', '2013-07-31', 'Died', '', '1/22/1900', 1),
(141, 'EGE062SD', 'HW10742', 1, '2013-07-10', '2014-03-22', 'Died (RHF)', '', '9/11/1900', 1),
(142, 'EGE063YC', 'HW10746 - HW10816', 1, '2013-07-15', '2013-10-24', 'TX', '', '4/10/1900', 1),
(143, 'ANTEP018VK', 'HW10741', 2, '2013-07-16', '2013-07-29', 'Died', '', '1/12/1900', 1),
(144, 'EGE064HD', 'HW10633', 1, '2013-07-17', '2014-12-11', 'Tx', '', '5/26/1901', 1),
(145, 'EGE065AO', 'HW10858', 1, '2013-07-23', '2013-09-08', 'Died', '', '2/15/1900', 1),
(146, 'BAU009EA', 'HW10773', 6, '2013-07-29', '2015-11-14', 'Tx', '', '4/17/1902', 1),
(147, 'AKD037ME', 'HW10927', 3, '2013-07-31', '2014-12-17', 'Died', '', '5/18/1901', 1),
(148, 'AKD038KC', 'HW10872', 3, '2013-08-14', '2013-08-24', 'TX', '', '1/9/1900', 1),
(149, 'EGE066EG', 'HW10933', 1, '2013-08-16', '2014-09-05', 'Died', '', '1/19/1901', 1),
(150, 'EGE067NA', 'HW10913', 1, '2013-08-19', '2017-04-25', 'On Device', '', '9/6/1903', 1),
(151, 'KKY006FD', 'HW10825', 5, '2013-08-23', '2017-04-25', 'On Device', '', '9/2/1903', 1),
(152, 'MED001HA', 'HW10905', 11, '2013-08-27', '2014-01-20', 'Died (MOF)', '', '5/25/1900', 1),
(153, 'YIH003HE', 'HW10365', 10, '2013-08-28', '2014-03-27', 'Tx', '', '7/29/1900', 1),
(154, 'AKD039EP', 'HW10719', 3, '2013-08-28', '2013-09-08', 'Died', '', '1/10/1900', 1),
(155, 'AKD040MG', 'HW10907', 3, '2013-09-12', '2013-09-20', 'Died', '', '1/7/1900', 1),
(156, 'EGE068HA', 'HW10919 -HW22317', 1, '2013-09-16', '2015-02-24', 'Died', '', '6/9/1901', 1),
(157, 'EGE069FT', 'HW10894', 1, '2013-09-18', '2017-04-25', 'On Device', '', '8/7/1903', 1),
(158, 'BUAH010ID', 'HW10838', 6, '2013-09-23', '2016-03-01', 'Tx', '', '6/8/1902', 1),
(159, 'KKY007SA', 'HW10884', 5, '2013-09-23', '2017-04-25', 'On Device', '', '8/2/1903', 1),
(160, 'EGE070IKD', 'HW10869', 1, '2013-09-30', '2016-05-29', 'Tx', '', '8/29/1902', 1),
(161, 'AKD041SS', 'HW10865', 3, '2013-10-10', '2013-10-26', 'Died', '', '1/15/1900', 1),
(162, 'EGE071HC', 'HW10813', 1, '2013-10-11', '2017-04-25', 'On Device', '', '7/15/1903', 1),
(163, 'FLO008RH', 'HW10775', 8, '2013-10-24', '2014-09-05', 'Died', '', '11/11/1900', 1),
(164, 'FLO009FT', 'HW10885', 8, '2013-10-30', '2016-05-25', 'Tx', '', '7/26/1902', 1),
(165, 'AKD042MA', 'HW10959', 3, '2013-10-31', '2014-11-28', 'Died', '', '1/27/1901', 1),
(166, 'EGE072TT', 'HW4252', 1, '2013-11-06', '2017-04-25', 'On Device', '', '6/19/1903', 1),
(167, 'EGE073HA', 'HW4239', 1, '2013-11-12', '2015-12-01', 'Tx', '', '1/18/1902', 1),
(168, 'EGE074BT', 'HW10981', 1, '2013-11-18', '2013-11-25', 'Died', '', '1/6/1900', 1),
(169, 'KKY008HT', 'HW10888', 5, '2013-11-18', '2013-12-03', 'Tx', '', '1/14/1900', 1),
(170, 'EGE075KY', 'HW3729', 1, '2013-11-20', '2016-09-08', 'Died', '', '10/19/1902', 1),
(171, 'EGE076SK', 'HW2994', 1, '2013-11-28', '2014-03-11', 'tx', '', '4/12/1900', 1),
(172, 'AKD043GC', 'HW10920', 3, '2013-12-03', '2014-01-03', 'Died', '', '1/30/1900', 1),
(173, 'ANTEP019SY', 'HW10486', 2, '2013-12-11', '2015-03-26', 'Tx', '', '4/14/1901', 1),
(174, 'EGE077ID', 'HW20236', 1, '2013-12-17', '2016-04-29', 'Tx', '', '5/13/1902', 1),
(175, 'ANKA002MS', 'HW20245', 9, '2013-12-18', '2017-04-25', 'On Device', '', '5/8/1903', 1),
(176, 'ANKA003AK', 'HW20251', 9, '2013-12-20', '2013-12-28', 'TX', '', '1/7/1900', 1),
(177, 'SEH001MZ', 'HW10880', 12, '2013-12-25', '2014-01-05', 'Died', '', '1/10/1900', 1),
(178, 'EGE078SN', 'HW20233', 1, '2013-12-25', '2014-10-26', 'Died', '', '10/31/1900', 1),
(179, 'AKD044BO', 'HW20315', 3, '2013-12-26', '2017-04-25', 'On Device', '', '4/30/1903', 1),
(180, 'KKY009RO', 'HW20228', 5, '2013-12-30', '2014-01-07', 'Died', '', '1/7/1900', 1),
(181, 'YIH004NS', 'HW10861', 10, '2014-01-02', '2017-04-25', 'On Device', '', '4/23/1903', 1),
(182, 'KKY010EK', 'HW20347', 5, '2014-01-03', '2014-01-20', 'Died', '', '1/16/1900', 1),
(183, 'BUAH011HG', 'HW20326', 6, '2014-01-06', '2017-04-25', 'On Device', '', '4/19/1903', 1),
(184, 'EGE079YM', 'HW20246', 1, '2014-01-08', '2017-04-25', 'On Device', '', '4/17/1903', 1),
(185, 'YIH005FC', 'HW20256', 10, '2014-01-09', '2014-01-16', 'Died', '', '1/6/1900', 1),
(186, 'EGE080SK', 'HW20352', 1, '2014-01-10', '2017-04-25', 'On Device', '', '4/15/1903', 1),
(187, 'EGE081KC', 'HW20325', 1, '2014-01-15', '2014-10-13', 'Died (SVO)', '', '9/27/1900', 1),
(188, 'EGE082BY', 'HW20234', 1, '2014-01-16', '2014-10-21', 'Tx', '', '10/4/1900', 1),
(189, 'EGE083EV', 'HW20346', 1, '2014-01-20', '2014-04-16', 'Tx', '', '3/26/1900', 1),
(190, 'YIH006SE', 'HW20317', 10, '2014-01-20', '2014-12-15', 'Died', '', '11/24/1900', 1),
(191, 'EGE084AG', 'HW20425', 1, '2014-01-21', '2014-05-03', 'tx', '', '4/11/1900', 1),
(192, 'BUAH012MY', 'HW20332', 6, '2014-01-22', '2015-01-12', 'Died', '', '12/20/1900', 1),
(193, 'EGE085MA', 'HW20017', 1, '2014-01-24', '2017-04-25', 'On Device', '', '4/1/1903', 1),
(194, 'EGE086SK', 'HW20461', 1, '2014-01-24', '2017-04-25', 'On Device', '', '4/1/1903', 1),
(195, 'BUAH013CT', 'HW20416', 6, '2014-01-29', '2014-11-19', 'TX', '', '10/20/1900', 1),
(196, 'YIH007YD', 'HW20357', 10, '2014-01-31', '2014-02-15', 'Died ( MOF)', '', '1/14/1900', 1),
(197, 'EGE087KC', 'HW20421', 1, '2014-02-05', '2015-10-14', 'Died', '', '9/7/1901', 1),
(198, 'AKD045MO', 'HW20454', 3, '2014-02-05', '2014-03-16', 'Died (MOF)', '', '2/7/1900', 1),
(199, 'EGE088ANT', 'HW20515', 1, '2014-02-06', '2014-03-07', 'Died', '', '1/28/1900', 1),
(200, 'EGE089ME', 'HW20502', 1, '2014-02-12', '2017-04-25', 'On Device', '', '3/13/1903', 1),
(201, 'EGE090SA', 'HW20549', 1, '2014-02-13', '2017-04-25', 'On Device', '', '3/12/1903', 1),
(202, 'EGE091TK', 'HW20566', 1, '2014-02-14', '2014-10-27', 'Died', '', '9/11/1900', 1),
(203, 'BUAH014YS', 'HW20424', 6, '2014-02-17', '2014-02-18', 'Died (MOF)', '', '12/31/1899', 1),
(204, 'YIH008CT', 'HW20229', 10, '2014-02-17', '2015-12-12', 'Tx', '', '10/24/1901', 1),
(205, 'EGE092AY', 'HW20493', 1, '2014-02-24', '2014-06-26', 'Died (SVO)', '', '5/1/1900', 1),
(206, 'EGE93II', 'HW20572', 1, '2014-02-25', '2014-03-26', 'Died on Post-op ICU period', '', '1/28/1900', 1),
(207, 'YIH009MY', 'HW20569', 10, '2014-02-26', '2014-03-06', 'TX', '', '1/7/1900', 1),
(208, 'AKD046MO', 'HW20545', 3, '2014-02-26', '2014-02-28', 'Died (RHF)', '', '1/1/1900', 1),
(209, 'EGE094GG', 'HW20530', 1, '2014-02-26', '2015-12-08', 'Tx', '', '10/11/1901', 1),
(210, 'BUAH015MB', 'HW20422', 6, '2014-02-28', '2014-11-06', 'Died', '', '9/7/1900', 1),
(211, 'KKY011DD', 'HW20345', 5, '2014-03-05', '2014-03-10', 'Died (RHF)', '', '1/4/1900', 1),
(212, 'YIH010RA', 'HW20551', 10, '2014-03-05', '2014-06-10', 'Tx', '', '4/6/1900', 1),
(213, 'ANKA004ZA', 'HW20537', 9, '2014-03-06', '2017-04-25', 'On Device', '', '2/19/1903', 1),
(214, 'ANKA005BC', 'HW20561', 9, '2014-03-07', '2017-04-25', 'On Device', '', '2/18/1903', 1),
(215, 'EGE095NK', 'HW20483', 1, '2014-03-07', '2014-06-29', 'Died (SVO)', '', '4/23/1900', 1),
(216, 'ANKA006KD', 'HW20518', 9, '2014-03-10', '2014-08-20', 'Died (Thrombus)', '', '6/11/1900', 1),
(217, 'EGE096FK', 'HW20575', 1, '2014-03-26', '2017-04-25', 'On Device', '', '1/30/1903', 1),
(218, 'YIH011IY', 'HW20692', 10, '2014-03-26', '2015-02-28', 'Tx', '', '12/4/1900', 1),
(219, 'EGE097CA', 'HW20579', 1, '2014-04-01', '2017-04-25', 'On Device', '', '1/24/1903', 1),
(220, 'EGE098NK', 'HW20685', 1, '2014-04-02', '2014-11-25', 'tx', '', '8/24/1900', 1),
(221, 'AKD047MK', 'HW20711', 3, '2014-04-16', '2017-04-25', 'On Device', '', '1/9/1903', 1),
(222, 'EGE099LK', 'HW20795', 1, '2014-04-21', '2017-04-25', 'On Device', '', '1/4/1903', 1),
(223, 'EGE100MI', 'HW20717', 1, '2014-04-22', '2014-05-22', 'Died (Pnömani)', '', '1/29/1900', 1),
(224, 'EGE101AO', 'HW20672', 1, '2014-04-22', '2014-04-30', 'Died', '', '1/7/1900', 1),
(225, 'BUAH016AO', 'HW20548', 6, '2014-04-29', '2017-04-25', 'On Device', '', '12/27/1902', 1),
(226, 'BUAH017AO', 'HW20697', 6, '2014-05-06', '2015-10-12', 'Died', '', '6/7/1901', 1),
(227, 'EGE102NU', 'HW20694', 1, '2014-05-09', '2015-11-18', 'Died', '', '7/11/1901', 1),
(228, 'EGE103HA', 'HW20739', 1, '2014-05-14', '2015-12-08', 'Died', '', '7/26/1901', 1),
(229, 'KKY012MK', 'HW20507', 5, '2014-05-15', '2014-05-19', 'Died on Post-op ICU period', '', '1/3/1900', 1),
(230, 'EGE104HK', 'HW20803', 1, '2014-05-16', '2015-02-05', 'Tx', '', '9/21/1900', 1),
(231, 'ANKA007ZK', 'HW20665', 9, '2014-05-20', '2014-06-02', 'Died', '', '1/12/1900', 1),
(232, 'YIH012MP', 'HW20696', 10, '2014-05-20', '2014-05-22', 'TX', '', '1/1/1900', 1),
(233, 'BUAH018MY', 'HW20500', 6, '2014-05-21', '2015-04-15', 'Died', '', '11/24/1900', 1),
(234, 'ANKA008AOT', 'HW20231', 9, '2014-05-22', '2014-11-27', 'Died', '', '7/7/1900', 1),
(235, 'EGE105MGD', 'HW20926', 1, '2014-05-22', '2016-11-22', 'Tx', '', '7/3/1902', 1),
(236, 'YIH013SA', 'HW20942', 10, '2014-05-24', '2014-06-20', 'Died on Post-op ICU period', '', '1/26/1900', 1),
(237, 'ANKA009SA', 'HW20877', 9, '2014-05-29', '2014-12-11', 'Tx', '', '7/14/1900', 1),
(238, 'BUAH019MMG', 'HW20934', 6, '2014-06-03', '2015-11-17', 'Tx', '', '6/15/1901', 1),
(239, 'AKD048SA', 'HW20785', 3, '2014-06-03', '2014-06-09', 'Died', '', '1/5/1900', 1),
(240, 'EGE106ZG', 'HW20797', 1, '2014-06-03', '2015-09-26', 'Died', '', '4/24/1901', 1),
(241, 'YIH014YK', 'HW20935', 10, '2014-06-04', '2014-08-13', 'Died (MOF)', '', '3/10/1900', 1),
(242, 'EGE107AC', 'HW20989 - HW20756', 1, '2014-06-05', '2015-04-27', 'Tx', '', '11/21/1900', 1),
(243, 'EGE108HFG', 'HW20910', 1, '2014-06-13', '2017-04-25', 'On Device', '', '11/12/1902', 1),
(244, 'YIH015SA', 'HW20736', 10, '2014-06-13', '2015-07-01', 'Tx', '', '1/17/1901', 1),
(245, 'ANKA010EC', 'HW20897', 9, '2014-06-17', '2015-09-11', 'TX', '', '3/26/1901', 1),
(246, 'BUAH020SO', 'HW21007', 6, '2014-06-18', '2017-04-25', 'On Device', '', '11/7/1902', 1),
(247, 'EGE109MC', 'HW20210', 1, '2014-06-19', '2017-04-25', 'On Device', '', '11/6/1902', 1),
(248, 'AKD049SO', 'HW21008', 3, '2014-06-20', '2014-07-06', 'Died', '', '1/15/1900', 1),
(249, 'AKD050HD', 'HW21001', 3, '2014-06-24', '2015-08-05', 'Died', '', '2/10/1901', 1),
(250, 'YIH016AO', 'HW21006', 10, '2014-06-25', '2017-04-25', 'On Device', '', '10/31/1902', 1),
(251, 'EGE110DK', 'HW20966', 1, '2014-07-04', '2017-04-25', 'On Device', '', '10/22/1902', 1),
(252, 'AKD051IT', 'HW21071', 3, '2014-07-09', '2014-07-22', 'Died on Post-op ICU period', '', '1/12/1900', 1),
(253, 'ANKA011AT', 'HW21069', 9, '2014-07-15', '2017-04-25', 'On Device', '', '10/11/1902', 1),
(254, 'BUAH021DMI', 'HW21062', 6, '2014-07-16', '2017-04-25', 'On Device', '', '10/10/1902', 1),
(255, 'ANKA012AET', 'HW21075', 9, '2014-07-21', '2014-07-24', 'Died on Post-op ICU period', '', '1/2/1900', 1),
(256, 'EGE111ET', 'HW20946', 1, '2014-07-22', '2015-01-30', 'Died', '', '7/10/1900', 1),
(257, 'YIH017MO', 'HW21098', 10, '2014-07-31', '2014-08-16', 'Died', '', '1/15/1900', 1),
(258, 'EGE112HHI', 'HW20907', 1, '2014-08-01', '2014-10-29', 'Died', '', '3/29/1900', 1),
(259, 'EGE113CT', 'HW21093', 1, '2014-08-05', '2017-04-25', 'On Device', '', '9/20/1902', 1),
(260, 'EGE114HA', 'HW21100', 1, '2014-08-08', '2017-04-25', 'On Device', '', '9/17/1902', 1),
(261, 'BUAH022YG', 'HW21004-HW21064', 6, '2014-08-08', '2014-08-14', 'Died on Post-op ICU period', '', '1/5/1900', 1),
(262, 'EGE115AT', 'HW21081', 1, '2014-08-14', '2017-04-25', 'On Device', '', '9/11/1902', 1),
(263, 'BUAH023FA', 'HW21095', 6, '2014-08-22', '2014-12-05', 'Died', '', '4/14/1900', 1),
(264, 'EGE116OC', 'HW21287', 1, '2014-08-27', '2015-03-20', 'Tx', '', '7/23/1900', 1),
(265, 'AKD052HO', 'HW20567', 3, '2014-09-09', '2014-09-19', 'Died', '', '1/9/1900', 1),
(266, 'EGE117NE', 'HW20919', 1, '2014-09-10', '2015-08-07', 'Tx', '', '11/26/1900', 1),
(267, 'AKD053MA', 'HW21268', 3, '2014-09-15', '2017-04-25', 'On Device', '', '8/10/1902', 1),
(268, 'AKD054ME', 'HW21271', 3, '2014-09-15', '2017-04-25', 'On Device', '', '8/10/1902', 1),
(269, 'EGE118SG', 'HW21230', 1, '2014-09-17', '2015-11-03', 'tx', '', '2/15/1901', 1),
(270, 'YIH018AA', 'HW21278', 10, '2014-09-18', '2017-04-25', 'On Device', '', '8/7/1902', 1),
(271, 'EGE119IS', 'HW21279', 1, '2014-09-19', '2014-11-09', 'Died', '', '2/19/1900', 1),
(272, 'EGE120HG', 'HW21284', 1, '2014-09-24', '2015-09-22', 'Died', '', '12/28/1900', 1),
(273, 'YIH019CK', 'HW21085', 10, '2014-09-29', '2014-10-24', 'Died', '', '1/24/1900', 1),
(274, 'EGE121RS', 'HW21249', 1, '2014-10-01', '2014-12-11', 'Tx', '', '3/11/1900', 1),
(275, 'EGE122SA', 'HW21285', 1, '2014-10-23', '2016-01-16', 'Died', '', '3/25/1901', 1),
(276, 'EGE123MTS', 'HW21272', 1, '2014-10-27', '2017-04-25', 'On Device', '', '6/29/1902', 1),
(277, 'EGE124SK', 'HW21289', 1, '2014-11-03', '2014-11-19', 'Died (RHF)', '', '1/15/1900', 1),
(278, 'EGE125MA', 'HW21300', 1, '2014-11-04', '2017-04-25', 'On Device', '', '6/21/1902', 1),
(279, 'AKD055HA', 'HW21275', 3, '2014-11-06', '2015-07-29', 'Died', '', '9/21/1900', 1),
(280, 'BUAH024KG', 'HW21308', 6, '2014-11-12', '2015-04-01', 'Weaning', '', '5/19/1900', 1),
(281, 'AKD056MA', 'HW21490', 3, '2014-11-17', '2017-04-25', 'On Device', '', '6/8/1902', 1),
(282, 'EGE126UL', 'HW21281', 1, '2014-11-18', '2015-11-24', 'Died', '', '1/5/1901', 1),
(283, 'EGE127YA', 'HW21504', 1, '2014-11-19', '2017-04-25', 'On Device', '', '6/6/1902', 1),
(284, 'YIH020MC', 'HW21283', 10, '2014-11-19', '2014-12-16', 'Died', '', '1/26/1900', 1),
(285, 'EGE128NA', 'HW21491', 1, '2014-11-24', '2017-04-25', 'On Device', '', '6/1/1902', 1),
(286, 'EGE129HA', 'HW21204', 1, '2014-11-28', '2014-12-14', 'Died', '', '1/15/1900', 1),
(287, 'BUAH025OK', 'HW21512', 6, '2014-12-01', '2015-02-02', 'Died', '', '3/3/1900', 1),
(288, 'AKD057RG', 'HW21474', 3, '2014-12-08', '2016-09-03', 'Died', '', '9/26/1901', 1),
(289, 'EGE130MY', 'HW21212', 1, '2014-12-09', '2017-04-25', 'On Device', '', '5/17/1902', 1),
(290, 'ANKA013MA', 'HW21492', 9, '2014-12-09', '2014-12-14', 'Died', '', '1/4/1900', 1),
(291, 'EGE131KA', 'HW21526', 1, '2014-12-10', '2015-03-11', 'Died', '', '3/31/1900', 1),
(292, 'ANKA014SU', 'HW21595', 9, '2014-12-16', '2015-01-13', 'Died', '', '1/27/1900', 1),
(293, 'EGE132AC', 'HW21276', 1, '2014-12-19', '2016-08-31', 'Died', '', '9/12/1901', 1),
(294, 'EGE133NC', 'HW21497', 1, '2014-12-19', '2017-04-25', 'On Device', '', '5/7/1902', 1),
(295, 'EGE134NS', 'HW21914', 1, '2015-01-07', '2016-06-01', 'Died', '', '5/25/1901', 1),
(296, 'YIH021MC', 'HW21754', 10, '2015-01-07', '2015-10-23', 'Tx', '', '10/15/1900', 1),
(297, 'YIH022UT', 'HW21208', 10, '2015-01-13', '2015-02-25', 'TX', '', '2/11/1900', 1),
(298, 'EGE135AU', 'HW21910', 1, '2015-01-15', '2016-10-19', 'Tx', '', '10/4/1901', 1),
(299, 'AKD058ZA', 'HW21778', 3, '2015-01-15', '2015-01-30', 'Died on Post-op ICU period', '', '1/14/1900', 1),
(300, 'EGE136MT', 'HW21768', 1, '2015-01-16', '2016-03-30', 'Tx', '', '3/14/1901', 1),
(301, 'EGE137CB', 'HW21933', 1, '2015-01-22', '2017-04-25', 'On Device', '', '4/3/1902', 1),
(302, 'BUAH026AG', 'HW21927', 6, '2015-01-27', '2017-04-25', 'On Device', '', '3/29/1902', 1),
(303, 'HUTF001ZK', 'HW21922', 13, '2015-01-29', '2015-02-06', 'TX', '', '1/7/1900', 1),
(304, 'EGE138NT', 'HW21856', 1, '2015-01-30', '2015-03-17', 'Died', '', '2/14/1900', 1),
(305, 'BUAH027ED', 'HW21902 - HW24126', 6, '2015-02-11', '2017-04-25', 'On Device', '', '3/14/1902', 1),
(306, 'AKD059SP', 'HW21493', 3, '2015-02-11', '2017-04-25', 'On Device', '', '3/14/1902', 1),
(307, 'EGE139MM', 'HW21916', 1, '2015-02-12', '2017-04-25', 'On Device', '', '3/13/1902', 1),
(308, 'EGE140UZS', 'HW21928', 1, '2015-02-12', '2015-03-06', 'Tx', '', '1/21/1900', 1),
(309, 'EGE141IVK', 'HW22309', 1, '2015-02-13', '2017-04-25', 'On Device', '', '3/12/1902', 1),
(310, 'EGE142BO', 'HW22310', 1, '2015-02-13', '2016-11-19', 'Died', '', '10/6/1901', 1),
(311, 'EGE143PK', 'HW22411', 1, '2015-02-23', '2016-02-24', 'Tx', '', '12/31/1900', 1),
(312, 'EGE144FC', 'HW22356', 1, '2015-02-25', '2017-04-25', 'On Device', '', '2/28/1902', 1),
(313, 'EGE145AA', 'HW22406', 1, '2015-02-27', '2016-01-14', 'Tx', '', '11/16/1900', 1),
(314, 'EGE146BT', 'HW22438', 1, '2015-03-02', '2015-03-20', 'Died on Post-op ICU period', '', '1/17/1900', 1),
(315, 'ANKA015MS', 'HW22439', 9, '2015-03-10', '2017-04-25', 'On Device', '', '2/15/1902', 1),
(316, 'EGE147HD', 'HW22399', 1, '2015-03-17', '2017-04-25', 'On Device', '', '2/8/1902', 1),
(317, 'YIH023MDD', 'HW22413', 10, '2015-03-17', '2017-04-25', 'On Device', '', '2/8/1902', 1),
(318, 'EGE148AS', 'HW22364', 1, '2015-03-25', '2017-04-25', 'On Device', '', '1/31/1902', 1),
(319, 'EGE149MT', 'HW22440', 1, '2015-03-30', '2017-04-25', 'On Device', '', '1/26/1902', 1),
(320, 'BUAH028MK', 'HW22780', 6, '2015-03-31', '2017-04-25', 'On Device', '', '1/25/1902', 1),
(321, 'YIH024ANC', 'HW21912', 10, '2015-03-31', '2015-04-04', 'Died', '', '1/3/1900', 1),
(322, 'EGE150SS', 'HW22400', 1, '2015-04-01', '2016-05-12', 'Died', '', '2/10/1901', 1),
(323, 'YIH025MK', 'HW22846', 10, '2015-04-06', '2015-04-15', 'Died (Sepsis)', '', '1/8/1900', 1),
(324, 'EGE151MY', 'HW22368', 1, '2015-04-07', '2017-04-25', 'On Device', '', '1/18/1902', 1),
(325, 'YIH026NB', 'HW22433', 10, '2015-04-09', '2015-04-23', 'Died', '', '1/13/1900', 1),
(326, 'EGE152NZ', 'HW22840', 1, '2015-04-16', '2015-04-22', 'Died on Post-op ICU period', '', '1/5/1900', 1),
(327, 'BND001TS', 'HW22867', 14, '2015-04-21', '2017-04-25', 'On Device', '', '1/4/1902', 1),
(328, 'YIH027MK', 'HW22859', 10, '2015-04-29', '2017-04-25', 'On Device', '', '12/27/1901', 1),
(329, 'EGE153EA', 'HW22852', 1, '2015-05-06', '2017-04-25', 'On Device', '', '12/20/1901', 1),
(330, 'EGE154FC', 'HW22919', 1, '2015-05-07', '2016-02-22', 'Died (Bleeding)', '', '10/17/1900', 1),
(331, 'BUAH029FD', 'HW22845', 6, '2015-05-11', '2016-02-22', 'Tx', '', '10/13/1900', 1),
(332, 'YIH028KO', 'HW21934', 10, '2015-05-12', '2017-04-25', 'On Device', '', '12/14/1901', 1),
(333, 'BND002MSN', 'HW22850', 14, '2015-05-13', '2017-04-25', 'On Device', '', '12/13/1901', 1),
(334, 'EGE155FO', 'HW22786', 1, '2015-05-22', '2015-06-18', 'Died', '', '1/26/1900', 1),
(335, 'AKD060YD', 'HW22855', 3, '2015-06-01', '2015-08-06', 'Died', '', '3/6/1900', 1),
(336, 'MAH001HE', 'HW23061', 15, '2015-06-01', '2016-02-04', 'Died', '', '9/4/1900', 1),
(337, 'EGE156MY', 'HW22921', 1, '2015-06-02', '2017-04-25', 'On Device', '', '11/23/1901', 1),
(338, 'BUAH030CA', 'HW23060', 6, '2015-06-03', '2015-06-11', 'Died on Post-op ICU period', '', '1/7/1900', 1),
(339, 'AKD061NA', 'HW23142', 3, '2015-06-05', '2017-04-25', 'On Device', '', '11/20/1901', 1),
(340, 'EGE157HA', 'HW22918', 1, '2015-06-09', '2017-04-25', 'On Device', '', '11/16/1901', 1),
(341, 'FLO010UA', 'HW23368', 8, '2015-06-10', '2017-04-25', 'On Device', '', '11/15/1901', 1),
(342, 'EGE158SC', 'HW23132', 1, '2015-06-11', '2017-04-25', 'On Device', '', '11/14/1901', 1),
(343, 'FLO011CO', 'HW23140', 8, '2015-06-11', '2017-04-25', 'On Device', '', '11/14/1901', 1),
(344, 'YIH029HIA', 'HW23379', 10, '2015-06-11', '2017-04-25', 'On Device', '', '11/14/1901', 1),
(345, 'EGE159KY', 'HW23362', 1, '2015-06-15', '2017-04-25', 'On Device', '', '11/10/1901', 1),
(346, 'BND003HM', 'HW23438', 14, '2015-06-15', '2017-04-25', 'Died', '', '11/10/1901', 1),
(347, 'YIH030OU', 'HW23369', 10, '2015-06-17', '2015-08-10', 'Died', '', '2/22/1900', 1),
(348, 'YIH031SK', 'HW23403(L)-HW23365(R)', 10, '2015-06-18', '2015-07-01', 'Died on Post-op ICU period', '', '1/12/1900', 1),
(349, 'EGE160TC', 'HW20992', 1, '2015-06-19', '2017-04-25', 'On Device', '', '11/6/1901', 1),
(350, 'EGE161AA', 'HW23363', 1, '2015-06-23', '2015-07-14', 'Died on Post-op ICU period', '', '1/20/1900', 1),
(351, 'MAH002YA', 'HW22920', 15, '2015-06-23', '2017-04-25', 'On Device', '', '11/2/1901', 1),
(352, 'BUAH031OZ', 'HW23081-HW23591', 6, '2015-06-24', '2015-07-08', 'Died on Post-op ICU period', '', '1/13/1900', 1),
(353, 'AKD062MK', 'HW23367', 3, '2015-06-25', '2015-07-13', 'Died on Post-op ICU period', '', '1/17/1900', 1),
(354, 'FLO012MS', 'HW23443', 8, '2015-06-25', '2016-09-07', 'Died (Sepsis)', '', '3/15/1901', 1),
(355, 'EGE162IA', 'HW23174', 1, '2015-07-01', '2017-04-25', 'On Device', '', '10/25/1901', 1),
(356, 'AKD063HK', 'HW23587', 3, '2015-07-07', '2017-04-25', 'On Device', '', '10/19/1901', 1),
(357, 'YIH032SS', 'HW23381', 10, '2015-07-09', '2017-04-25', 'On Device', '', '10/17/1901', 1),
(358, 'YIH033ZD', 'HW23612', 10, '2015-07-10', '2015-11-14', 'TX', '', '5/6/1900', 1),
(359, 'AKD064TK', 'HW23667', 3, '2015-07-10', '2017-04-25', 'On Device', '', '10/16/1901', 1),
(360, 'AKD065FK', 'HW23842', 3, '2015-07-15', '2017-04-25', 'On Device', '', '10/11/1901', 1),
(361, 'AKD066RG', 'HW23839', 3, '2015-07-21', '2017-04-25', 'On Device', '', '10/5/1901', 1),
(362, 'EGE163RS', 'HW23588', 1, '2015-07-22', '2015-07-27', 'Died on Post-op ICU period (RF - MOF)', '', '1/4/1900', 1),
(363, 'AKD067HK', 'HW23968', 3, '2015-07-24', '2017-04-25', 'On Device', '', '10/2/1901', 1),
(364, 'EGE164MC', 'HW23966', 1, '2015-07-27', '2017-04-25', 'On Device', '', '9/29/1901', 1),
(365, 'EGE165IU', 'HW23361', 1, '2015-07-28', '2017-04-25', 'On Device', '', '9/28/1901', 1),
(366, 'EGE166EK', 'HW23372', 1, '2015-07-30', '2017-04-25', 'On Device', '', '9/26/1901', 1),
(367, 'EGE167AD', 'HW23979', 1, '2015-07-31', '2017-04-25', 'On Device', '', '9/25/1901', 1),
(368, 'BUAH032UK', 'HW23910', 6, '2015-08-05', '2017-04-25', 'On Device', '', '9/20/1901', 1),
(369, 'EGE168SS', 'HW23984', 1, '2015-08-10', '2015-09-16', 'TX', '', '2/5/1900', 1),
(370, 'EGE169HO', 'HW24135', 1, '2015-08-17', '2017-04-25', 'On Device', '', '9/8/1901', 1),
(371, 'DBN004AT', 'HW22922', 14, '2015-09-03', '2015-11-04', 'Died', '', '3/2/1900', 1),
(372, 'EGE170HG', 'HW24138', 1, '2015-09-08', '2017-04-25', 'On Device', '', '8/17/1901', 1),
(373, 'EGE171MC', 'HW24040', 1, '2015-09-10', '2017-04-25', 'On Device', '', '8/15/1901', 1),
(374, 'EGE172SD', 'HW24099', 1, '2015-09-14', '2017-04-25', 'On Device', '', '8/11/1901', 1),
(375, 'EGE173CD', 'HW24143', 1, '2015-09-15', '2017-04-25', 'On Device', '', '8/10/1901', 1),
(376, 'BUAH033MAD', 'HW24016', 6, '2015-09-15', '2015-09-29', 'Died', '', '1/13/1900', 1),
(377, 'YIH034EB', 'HW23552', 10, '2015-09-16', '2015-09-29', 'Tx', '', '1/12/1900', 1),
(378, 'AKD068AD', 'HW23841', 3, '2015-09-16', '2015-09-18', 'Tx', '', '1/1/1900', 1),
(379, 'EGE174HE', 'HW24139', 1, '2015-09-17', '2015-10-07', 'Died', '', '1/19/1900', 1),
(380, 'YIH035ASC', 'HW23402', 10, '2015-09-29', '2017-04-25', 'On Device', '', '7/27/1901', 1),
(381, 'EGE175MK', 'HW24165', 1, '2015-10-06', '2016-07-11', 'Died', '', '10/5/1900', 1),
(382, 'EGE176ESU', 'HW24272', 1, '2015-10-13', '2017-04-25', 'On Device', '', '7/13/1901', 1),
(383, 'EGE177FK', 'HW24303', 1, '2015-10-19', '2017-04-25', 'On Device', '', '7/7/1901', 1),
(384, 'YIH036ZA', 'HW23838', 10, '2015-10-22', '2017-04-25', 'On Device', '', '7/4/1901', 1),
(385, 'EGE178SG', 'HW24307', 1, '2015-10-23', '2017-04-25', 'On Device', '', '7/3/1901', 1),
(386, 'EGE179AA', 'HW24239', 1, '2015-10-23', '2017-04-25', 'On Device', '', '7/3/1901', 1),
(387, 'FLO013SD', 'HW23712', 8, '2015-10-27', '2015-11-19', 'Died', '', '1/22/1900', 1),
(388, 'AKD069AK', 'HW24233', 3, '2015-10-28', '2015-11-06', 'Died', '', '1/8/1900', 1),
(389, 'BUAH034RG', 'HW24021', 6, '2015-11-02', '2017-04-25', 'On Device', '', '6/23/1901', 1),
(390, 'EGE180BM', 'HW24356', 1, '2015-11-09', '2017-04-25', 'On Device', '', '6/16/1901', 1),
(391, 'BUAH035IY', 'HW24478', 6, '2015-11-09', '2017-04-25', 'On Device', '', '6/16/1901', 1),
(392, 'AKD070MA', 'HW24235', 3, '2015-11-12', '2017-04-25', 'On Device', '', '6/13/1901', 1),
(393, 'BUAH036AK', 'HW24460', 6, '2015-11-16', '2017-04-25', 'On Device', '', '6/9/1901', 1),
(394, 'KKY013EA', 'HW24793', 5, '2015-11-17', '2017-04-25', 'On Device', '', '6/8/1901', 1),
(395, 'EGE181GA', 'HW24467', 1, '2015-11-17', '2017-04-25', 'On Device', '', '6/8/1901', 1),
(396, 'KKY014MHD', 'HW24471', 5, '2015-11-18', '2017-04-25', 'On Device', '', '6/7/1901', 1),
(397, 'AKD071DK ', 'HW24639', 3, '2015-11-19', '2017-04-25', 'On Device', '', '6/6/1901', 1),
(398, 'KKY015NU', 'HW23713', 5, '2015-11-19', '2016-06-20', 'Died (SVO)', '', '8/1/1900', 1),
(399, 'YIH037EA', 'HW24225(L) - HW24624(R)', 10, '2015-11-19', '2016-01-09', 'TX', '', '2/19/1900', 1),
(400, 'YIH038HS', 'HW24236', 10, '2015-11-20', '2017-04-25', 'On Device', '', '6/5/1901', 1),
(401, 'KKY016BE', 'HW24627', 5, '2015-11-23', '2015-11-26', 'Died', '', '1/2/1900', 1),
(402, 'EGE182EE', 'HW24484', 1, '2015-11-26', '2017-04-25', 'On Device', '', '5/30/1901', 1),
(403, 'EGE183DAB', 'HW24489', 1, '2015-11-30', '2015-12-07', 'Died', '', '1/6/1900', 1),
(404, 'EGE184MT', 'HW24693', 1, '2015-11-30', '2015-12-31', 'Died', '', '1/30/1900', 1),
(405, 'YIH039YO', 'HW24844', 10, '2015-11-30', '2017-04-25', 'On Device', '', '5/26/1901', 1),
(406, 'FLO014KO', 'HW24796', 8, '2015-12-02', '2016-02-15', 'Died (MOF)', '', '3/15/1900', 1),
(407, 'SEH002AG', 'HW24453', 12, '2015-12-07', '2017-04-25', 'On Device', '', '5/19/1901', 1),
(408, 'KKY017MK', 'HW24441', 5, '2015-12-08', '2017-04-25', 'On Device', '', '5/18/1901', 1),
(409, 'BUAH037TO', 'HW24692', 6, '2015-12-09', '2017-04-25', 'On Device', '', '5/17/1901', 1),
(410, 'AKD072ZG', 'HW24302', 3, '2015-12-10', '2017-04-25', 'On Device', '', '5/16/1901', 1),
(411, 'BUAH038AG', 'HW24907', 6, '2015-12-15', '2016-03-13', 'Died (SVO)', '', '3/29/1900', 1),
(412, 'YIH040YK', 'HW24629', 10, '2015-12-15', '2015-12-16', 'Died', '', '12/31/1899', 1),
(413, 'AKD073EC', 'HW24622', 3, '2015-12-17', '2017-04-25', 'On Device', '', '5/9/1901', 1),
(414, 'EGE185SA', 'HW24697(L) - HW24648(R)', 1, '2015-12-25', '2016-01-06', 'Died on Post-op ICU period', '', '1/11/1900', 1),
(415, 'YIH041UUO', 'HW24437', 10, '2015-12-28', '2017-04-25', 'On Device', '', '4/28/1901', 1),
(416, 'EGE186SI', 'HW24843', 1, '2015-12-29', '2017-04-25', 'On Device', '', '4/27/1901', 1),
(417, 'SEH003IHO', 'HW24663', 12, '2015-12-29', '2016-03-15', 'Died (MOF)', '', '3/17/1900', 1),
(418, 'ANKA016NT', 'HW24900', 9, '2015-12-29', '2016-03-06', 'Died', '', '3/8/1900', 1),
(419, 'FLO015SM', 'HW24651', 8, '2016-01-06', '2017-04-25', 'On Device', '', '4/19/1901', 1),
(420, 'AKD074SE', 'HW24810', 3, '2016-01-13', '2017-04-25', 'On Device', '', '4/12/1901', 1),
(421, 'EGE187OE', 'HW24664', 1, '2016-01-15', '2017-04-25', 'On Device', '', '4/10/1901', 1),
(422, 'YIH042NR', 'HW24674', 10, '2016-01-16', '2016-02-04', 'TX', '', '1/18/1900', 1),
(423, 'KKY018AK', 'HW25102', 5, '2016-01-20', '2016-01-24', 'Died on Post-op ICU period', '', '1/3/1900', 1),
(424, 'EGE188HA', 'HW24665', 1, '2016-01-22', '2016-06-15', 'Died', '', '5/24/1900', 1),
(425, 'EGE189MK', 'HW24679', 1, '2016-02-02', '2017-04-25', 'On Device', '', '3/23/1901', 1),
(426, 'AKD075AK', 'HW25081', 3, '2016-02-03', '2017-04-25', 'On Device', '', '3/22/1901', 1),
(427, 'SEH004AK', 'HW24136', 12, '2016-02-03', '2016-07-17', 'Died (SVO)', '', '6/13/1900', 1),
(428, 'EGE190FG', 'HW25103', 1, '2016-02-08', '2017-04-25', 'On Device', '', '3/17/1901', 1),
(429, 'YIH043MO', 'HW24904', 10, '2016-02-10', '2016-06-15', 'Died', '', '5/5/1900', 1),
(430, 'AKD076HK', 'HW25094', 3, '2016-02-10', '2017-04-25', 'On Device', '', '3/15/1901', 1),
(431, 'EGE191IK', 'HW24710', 1, '2016-02-12', '2017-04-25', 'On Device', '', '3/13/1901', 1),
(432, 'YIH044AC', 'HW25398', 10, '2016-02-13', '2016-03-12', 'Died on Post-op ICU period (Sepsis)', '', '1/27/1900', 1),
(433, 'EGE192KS', 'HW25145', 1, '2016-02-15', '2016-02-24', 'Died on Post-op ICU period', '', '1/8/1900', 1),
(434, 'SEH005OK', 'HW25115', 12, '2016-02-15', '2017-04-25', 'On Device', '', '3/10/1901', 1),
(435, 'YIH045MO', 'HW25367', 10, '2016-02-15', '2017-04-25', 'TX', '', '3/10/1901', 1),
(436, 'AKD077HB', 'HW25368', 3, '2016-02-17', '2017-04-25', 'On Device', '', '3/8/1901', 1),
(437, 'EGE193MK', 'HW25383', 1, '2016-02-18', '2016-02-22', 'Died on Post-op ICU period (RF - MOF)', '', '1/3/1900', 1),
(438, 'EGE194BK', 'HW25362', 1, '2016-02-22', '2017-04-25', 'On Device', '', '3/3/1901', 1),
(439, 'KKY019HC', 'HW25248', 5, '2016-02-25', '2017-04-25', 'On Device', '', '2/28/1901', 1),
(440, 'AKD078EK', 'HW25306', 3, '2016-02-29', '2017-04-25', 'On Device', '', '2/24/1901', 1),
(441, 'YIH046AL', 'HW25255', 10, '2016-02-29', '2016-03-25', 'Died on Post-op ICU period (Sepsis)', '', '1/24/1900', 1),
(442, 'KKY020ET', 'HW25295', 5, '2016-03-03', '2017-04-25', 'On Device', '', '2/21/1901', 1),
(443, 'YIH047RA', 'HW25293', 10, '2016-03-04', '2017-04-25', 'On Device', '', '2/20/1901', 1),
(444, 'EGE195ZK', 'HW25305', 1, '2016-03-07', '2016-04-03', 'Died', '', '1/26/1900', 1),
(445, 'YIH048SK', 'HW25296', 10, '2016-03-09', '2017-04-25', 'On Device', '', '2/15/1901', 1),
(446, 'AKD079UE', 'HW22297', 3, '2016-03-10', '2017-04-25', 'On Device', '', '2/14/1901', 1),
(447, 'FLO016ITD', 'HW25304', 8, '2016-03-11', '2017-04-25', 'On Device', '', '2/13/1901', 1),
(448, 'KKY021OFB', 'HW25404', 5, '2016-03-24', '2017-04-25', 'On Device', '', '1/31/1901', 1),
(449, 'ANKA017OK', 'HW24941', 9, '2016-03-24', '2017-04-25', 'On Device', '', '1/31/1901', 1),
(450, 'FLO017YK', 'HW25678', 8, '2016-03-25', '2017-04-25', 'On Device', '', '1/30/1901', 1),
(451, 'FLO018AUE', 'HW25486', 8, '2016-03-25', '2016-04-19', 'Died on Post-op ICU period (RF - MOF)', '', '1/24/1900', 1),
(452, 'KKY022AVE', 'HW25667', 5, '2016-03-28', '2016-10-25', 'Died (MOF)', '', '7/29/1900', 1),
(453, 'EGE196TN', 'HW25209', 1, '2016-03-28', '2017-04-25', 'On Device', '', '1/27/1901', 1),
(454, 'SEH006EZ', 'HW25674', 12, '2016-03-29', '2016-05-05', 'Died on Post-op ICU period (Sepsis)', '', '2/5/1900', 1),
(455, 'EGE197AI', 'HW25475', 1, '2016-03-31', '2017-04-25', 'On Device', '', '1/24/1901', 1),
(456, 'KKY023SB', 'HW25840', 5, '2016-04-04', '2016-05-01', 'Died on Post-op ICU period (Infection)', '', '1/26/1900', 1),
(457, 'EGE198ZO', 'HW25853', 1, '2016-04-07', '2016-04-23', 'Died on Post-op ICU period', '', '1/15/1900', 1),
(458, 'BUAH039SK', 'HW25300', 6, '2016-04-11', '2017-04-25', 'On Device', '', '1/13/1901', 1),
(459, 'EGE199RC', 'HW25489', 1, '2016-04-12', '2016-10-03', 'Died', '', '6/22/1900', 1),
(460, 'EGE200BA', 'HW25680', 1, '2016-04-13', '2016-04-19', 'Died on Post-op ICU period (RF - MOF)', '', '1/5/1900', 1),
(461, 'AKD080AC', 'HW25234', 3, '2016-04-14', '2017-04-25', 'On Device', '', '1/10/1901', 1),
(462, 'YIH049SK', 'HW25467', 10, '2016-04-15', '2016-04-29', 'Died on Post-op ICU period', '', '1/13/1900', 1),
(463, 'EGE201AS', 'HW28543 - HW26050', 1, '2016-04-18', '2017-04-25', 'On Device', '', '1/6/1901', 1),
(464, 'SEH007HC', 'HW25665', 12, '2016-04-18', '2017-04-25', 'On Device', '', '1/6/1901', 1),
(465, 'FLO019EE', 'HW25847', 8, '2016-04-20', '2017-04-25', 'On Device', '', '1/4/1901', 1),
(466, 'AKD081RE', 'HW25492', 3, '2016-04-20', '2016-05-11', 'Died on Post-op ICU period (Sepsis)', '', '1/20/1900', 1),
(467, 'YIH050OC', 'HW25668', 10, '2016-04-20', '2016-05-25', 'Died (SVO)', '', '2/3/1900', 1),
(468, 'BUAH040ABC', 'HW25673', 6, '2016-05-04', '2017-04-25', 'On Device', '', '12/21/1900', 1),
(469, 'YIH051EA', 'HW26044', 10, '2016-05-10', '2017-04-25', 'On Device', '', '12/15/1900', 1),
(470, 'EGE202MK', 'HW26045', 1, '2016-05-12', '2017-04-25', 'On Device', '', '12/13/1900', 1),
(471, 'EGE203YK', 'HW25789', 1, '2016-05-16', '2017-04-25', 'On Device', '', '12/9/1900', 1),
(472, 'KKY024YA', 'HW25841', 5, '2016-05-17', '2016-05-17', 'Died on Post-op ICU period', '', '12/30/1899', 1),
(473, 'YIH052SD', 'HW25813', 10, '2016-05-25', '2017-04-25', 'On Device', '', '11/30/1900', 1),
(474, 'EGE204EE', 'HW25803', 1, '2016-05-27', '2017-04-25', 'On Device', '', '11/28/1900', 1),
(475, 'YIH053MY', 'HW25996', 10, '2016-05-31', '2017-04-25', 'On Device', '', '11/24/1900', 1),
(476, 'AKD082SI', 'HW25844', 3, '2016-06-02', '2017-04-25', 'On Device', '', '11/22/1900', 1),
(477, 'EGE205SM', 'HW26015', 1, '2016-06-06', '2017-04-25', 'On Device', '', '11/18/1900', 1),
(478, 'SEH008BY', 'HW25806', 12, '2016-06-14', '2017-04-25', 'On Device', '', '11/10/1900', 1),
(479, 'AKD083KC', 'HW26031', 3, '2016-06-14', '2017-04-25', 'On Device', '', '11/10/1900', 1),
(480, 'EGE206MET', 'HW25790 - HW26058', 1, '2016-06-16', '2017-04-25', 'On Device', '', '11/8/1900', 1),
(481, 'AKD084HB', 'HW26047', 3, '2016-06-16', '2017-04-25', 'On Device', '', '11/8/1900', 1),
(482, 'AKD085HY', 'HW26224', 3, '2016-06-21', '2017-04-25', 'On Device', '', '11/3/1900', 1),
(483, 'EGE207AS', 'HW25800', 1, '2016-06-22', '2017-04-25', 'On Device', '', '11/2/1900', 1),
(484, 'EGE208IK', 'HW25807', 1, '2016-06-27', '2016-08-04', 'Died', '', '2/6/1900', 1),
(485, 'EGE209NA', 'HW26160', 1, '2016-06-28', '2017-04-25', 'On Device', '', '10/27/1900', 1),
(486, 'EGE210AC', 'HW26222', 1, '2016-06-29', '2017-04-25', 'On Device', '', '10/26/1900', 1),
(487, 'ANKA018CU', 'HW25796', 9, '2016-07-14', '2017-04-25', 'On Device', '', '10/11/1900', 1),
(488, 'FLO020UG', 'HW26147', 8, '2016-07-18', '2017-04-25', 'On Device', '', '10/7/1900', 1),
(489, 'SEH009FS', 'HW26254', 12, '2016-07-19', '2017-04-25', 'On Device', '', '10/6/1900', 1),
(490, 'YIH054EK', 'HW26223', 10, '2016-07-25', '2017-04-25', 'On Device', '', '9/30/1900', 1),
(491, 'EGE211SY', 'HW26125', 1, '2016-07-25', '2017-04-25', 'On Device', '', '9/30/1900', 1),
(492, 'YIH055YK', 'HW26395', 10, '2016-07-27', '2016-08-05', 'Died on Post-op ICU period (Sepsis)', '', '1/8/1900', 1),
(493, 'EGE212LS', 'HW26226 - HW26282', 1, '2016-07-27', '2017-04-25', 'On Device', '', '9/28/1900', 1),
(494, 'EGE213ST', 'HW26156', 1, '2016-08-01', '2016-09-30', 'Died', '', '2/28/1900', 1),
(495, 'BUAH041SG', 'HW25814', 6, '2016-08-01', '2017-04-25', 'On Device', '', '9/23/1900', 1),
(496, 'AKD086MD', 'HW25771', 3, '2016-08-02', '2017-04-25', 'On Device', '', '9/22/1900', 1),
(497, 'BUAH042BA', 'HW26059', 6, '2016-08-03', '2017-04-25', 'On Device', '', '9/21/1900', 1),
(498, 'YIH056ES', 'HW26442', 10, '2016-08-10', '2016-10-09', 'TX', '', '2/28/1900', 1),
(499, 'EGE214AA', 'HW26510', 1, '2016-08-22', '2016-09-08', 'Died', '', '1/16/1900', 1),
(500, 'EGE215AO', 'HW26450', 1, '2016-08-31', '2016-09-07', 'Died', '', '1/6/1900', 1),
(501, 'AKD087GU', 'HW26264', 3, '2016-08-31', '2016-09-14', 'Died on Post-op ICU period', '', '1/13/1900', 1),
(502, 'KKY025NU', 'HW26266', 5, '2016-09-06', '2017-04-25', 'On Device', '', '8/18/1900', 1),
(503, 'YIH057YI', 'HW26570', 10, '2016-09-07', '2017-04-25', 'On Device', '', '8/17/1900', 1),
(504, 'BUAH043MK', 'HW26459', 6, '2016-09-07', '2017-04-25', 'On Device', '', '8/17/1900', 1),
(505, 'KKY026AK', 'HW25850', 5, '2016-09-26', '2017-04-25', 'On Device', '', '7/29/1900', 1),
(506, 'YIH058BK', 'HW27033', 10, '2016-09-28', '2016-10-13', 'Died on Post-op ICU period', '', '1/14/1900', 1),
(507, 'BUAH044ZE', 'HW26484', 6, '2016-09-28', '2017-04-25', 'On Device', '', '7/27/1900', 1),
(508, 'EGE216EY', 'HW26514', 1, '2016-09-30', '2017-04-25', 'On Device', '', '7/25/1900', 1),
(509, 'FLO021OC', 'HW27041', 8, '2016-10-03', '2016-10-26', 'Died on Post-op ICU period', '', '1/22/1900', 1),
(510, 'EGE217TI', 'HW26438', 1, '2016-10-06', '2017-04-25', 'On Device', '', '7/19/1900', 1),
(511, 'YIH059KI', 'HW27052', 10, '2016-10-07', '2017-04-25', 'On Device', '', '7/18/1900', 1),
(512, 'EGE218RT', 'HW26421', 1, '2016-10-10', '2017-04-25', 'On Device', '', '7/15/1900', 1),
(513, 'EGE219HM', 'HW27037', 1, '2016-10-11', '2016-10-25', 'Died on Post-op ICU period', '', '1/13/1900', 1),
(514, 'EGE220NT', 'HW27060', 1, '2016-10-12', '2017-04-25', 'On Device', '', '7/13/1900', 1),
(515, 'KKY027IM', 'HW27035', 5, '2016-10-19', '2017-04-25', 'On Device', '', '7/6/1900', 1),
(516, 'EGE221FC', 'HW27047', 1, '2016-10-20', '2017-04-25', 'On Device', '', '7/5/1900', 1),
(517, 'YIH060GA', 'HW27034', 10, '2016-10-20', '2017-04-25', 'On Device', '', '7/5/1900', 1),
(518, 'EGE222IA', 'HW27105', 1, '2016-10-25', '2017-04-25', 'On Device', '', '6/30/1900', 1),
(519, 'EGE223EK', 'HW27215', 1, '2016-10-26', '2016-11-20', 'TX', '', '1/24/1900', 1),
(520, 'AKD088HK', 'HW26301', 3, '2016-10-27', '2017-04-25', 'On Device', '', '6/28/1900', 1),
(521, 'BUAH045SU', 'HW27214', 6, '2016-10-28', '2017-04-25', 'On Device', '', '6/27/1900', 1),
(522, 'BUAH046IG', 'HW27077', 6, '2016-11-01', '2017-04-25', 'On Device', '', '6/23/1900', 1),
(523, 'EGE224SO', 'HW27389', 1, '2016-11-02', '2017-04-25', 'On Device', '', '6/22/1900', 1),
(524, 'FLO022AD', 'HW27038', 8, '2016-11-07', '2017-04-25', 'On Device', '', '6/17/1900', 1),
(525, 'FLO023LG', 'HW27065', 8, '2016-11-07', '2017-04-25', 'On Device', '', '6/17/1900', 1),
(526, 'KKY028CU', 'HW27029', 5, '2016-11-09', '2017-04-25', 'On Device', '', '6/15/1900', 1),
(527, 'SEH010HA', 'HW27458', 12, '2016-11-09', '2017-04-25', 'On Device', '', '6/15/1900', 1),
(528, 'YIH061HY', 'HW27021', 10, '2016-11-10', '2017-04-25', 'On Device', '', '6/14/1900', 1),
(529, 'BUAH047EG', 'HW27527', 6, '2016-11-11', '2017-04-25', 'On Device', '', '6/13/1900', 1),
(530, 'YIH062VO', 'HW27573', 10, '2016-11-14', '2017-04-25', 'On Device', '', '6/10/1900', 1),
(531, 'BUAH048HY', 'HW27583', 6, '2016-11-15', '2017-04-25', 'On Device', '', '6/9/1900', 1),
(532, 'KKY029HHB', 'HW27414', 5, '2016-11-17', '2017-04-25', 'On Device', '', '6/7/1900', 1),
(533, 'BUAH049HO', 'HW27571', 6, '2016-11-18', '2017-04-25', 'On Device', '', '6/6/1900', 1),
(534, 'BUAH050HSD', 'HW27670', 6, '2016-11-23', '2017-04-25', 'On Device', '', '6/1/1900', 1),
(535, 'AKD089AT', 'HW23180', 3, '2016-11-23', '2017-04-25', 'On Device', '', '6/1/1900', 1),
(536, 'YIH063CSK', 'HW27542', 10, '2016-11-29', '2017-04-25', 'On Device', '', '5/26/1900', 1);

-- --------------------------------------------------------

--
-- Tablo için tablo yapısı `patient`
--

CREATE TABLE IF NOT EXISTS `patient` (
  `operatorID` int(11) NOT NULL,
  `tckimlikNo` varchar(11) DEFAULT NULL,
  `firstname_pat` varchar(255) NOT NULL,
  `adress_pat` varchar(255) DEFAULT NULL,
  `ID` int(11) NOT NULL AUTO_INCREMENT,
  `patientID` varchar(80) NOT NULL,
  PRIMARY KEY (`ID`)
) ENGINE=InnoDB  DEFAULT CHARSET=utf8 AUTO_INCREMENT=537 ;

--
-- Tablo döküm verisi `patient`
--

INSERT INTO `patient` (`operatorID`, `tckimlikNo`, `firstname_pat`, `adress_pat`, `ID`, `patientID`) VALUES
(1, NULL, 'Nurettin Gölcük', 'Vefat (15.06.12)', 1, 'EGE001NH'),
(1, NULL, 'Cüneyt Aydemir', 'Çiçek Mh. 2120 Sk/2 No:57 Çay Mah. İzmir', 2, 'EGE002CA'),
(1, NULL, 'Vakkas Öztürk', 'Nakil', 3, 'ANTEP001VO'),
(1, NULL, 'Ahmet Almamış', 'Teferruç Mh. Aydın Cd. No:24 Yıldırım Bursa', 4, 'EGE003AA'),
(1, NULL, 'Fikret Özdoğan', 'Nakil', 5, 'EGE004FO'),
(1, NULL, 'Zeynel Abit Atay', '5050 sok.no:5/A Çamdibi/izmir ', 6, 'EGE005ZAA'),
(1, NULL, 'Bekir Çalışkan', 'Vefat', 7, 'AKD001BC'),
(1, NULL, 'Anzilha Ayhan', 'Vefat', 8, 'EGE006AA'),
(1, NULL, 'Ahmet Kardaş', 'Vefat', 9, 'DEU001AK'),
(1, NULL, 'Halim Keskin', 'Vefat (01.12.2012)', 10, 'EGE007HK'),
(1, NULL, 'Abdullah Kaçar', 'Vefat', 11, 'ANTEP002AK'),
(1, NULL, 'Sabri Servet', 'Nakil', 12, 'EGE008SS'),
(1, NULL, 'Raşit Dohan', 'Vefat (15.07.12)', 13, 'AKD002RD'),
(1, NULL, 'Abdurrahman Bayrak', 'Vefat ', 14, 'AKD003AB'),
(1, NULL, 'Turan Günbay', '7 Eylül Mah. 5601 Sok. No:27 Torbalı / İZMİR', 15, 'EGE009TG'),
(1, NULL, 'Şenol Şenyılmaz', 'Vefat (02.02.13)', 16, 'EGE010SS'),
(1, NULL, 'Adem Türktaş', 'Türkler Kasabası Merkez Mah. Cumhuriyet Bul.No:4 Alanya / ANTALYA', 17, 'AKD004AT'),
(1, NULL, 'Leyla Özcan', 'Vefat ', 18, 'EGE011LO'),
(1, NULL, 'Şükrü Gültekin', 'Ekrem Çetin Mh. Kuvai Millliye Cad. No:63 / KİLİS', 19, 'ANTEP003SG'),
(1, NULL, 'Ali Rıza Arslan', 'Adnan Menderes Mah. 9515 Sok. No: 9 / OSMANİYE', 20, 'ANTEP004ARA'),
(1, NULL, 'Ahmet Karakoç', 'Soğuksu Mah. 306 Sok. No:19 K:2 D: 8 / ANTALYA', 21, 'AKD005AK'),
(1, NULL, 'Mahmut Altunok', 'Köprübaşı Mah. Selef Sok. No:29/16 Karatay / KONYA', 22, 'AKD006MA'),
(1, NULL, 'İsmail Mert Solak', 'Vefat ', 23, 'EGE012IMS'),
(1, NULL, 'Oğuzhan Güven', 'Vefat ', 24, 'EGE013OG'),
(1, NULL, 'Numan Sadettin Nurhat', '', 25, 'EGE014NSN'),
(1, NULL, 'Fehmi Tatlıcı', '', 26, 'EGE015FT'),
(1, NULL, 'Zeynep Arı', 'Şeyh Şamil Mah. Türkü Sok. Teklif Sit. No:9 K:18 Selçuklu / KONYA', 27, 'AKD007ZA'),
(1, NULL, 'Hasan Uğur Üstün', 'Vefat (08.10.2012)', 28, 'EGE016HUU'),
(1, NULL, 'Raife Açıcı', 'Numuneevler Mh. Çağlayan Sok. Örnek Apt. No:7 Dörtyol / HATAY', 29, 'AKD008RA'),
(1, NULL, 'Halil İbrahim Tazeoğlu', 'Dülükbaba Mah. Fedai Mehmet Cad. 3 Sok. No:22 / GAZİANTEP', 30, 'ANTEP005HT'),
(1, NULL, 'Deniz Genç', 'Çağlayan Mah. 2024 Sok. Eskievler Sit. / ANTALYA', 31, 'AKD009DG'),
(1, NULL, 'Hüseyin Taşan', 'Vefat ', 32, 'AKD010HT'),
(1, NULL, 'Kazım Doğan', 'Cumhuriyet Mah. 49 Sk. No:7 Şahinbey /GAZİANTEP', 33, 'AKD011KD'),
(1, NULL, 'Ali Aslan', 'Kuzeyyaka Mah. 2516 Sok. No: 35/1 Kepez / ANTALYA', 34, 'AKD012AA'),
(1, NULL, 'Kemal Altay', 'Büyükkalecik Kasabası Bahçederesi Mah. Yaylaevleri No:36 / Afyon', 35, 'AKD013KA'),
(1, NULL, 'Ethem Kadir Türk', 'Vefat ', 36, 'EGE017EKT'),
(1, NULL, 'Mehmet Coşkuner', 'Yeşilyurt Mah. 70014 Sok. No:19 K:1 Seyhan / ADANA', 37, 'AKD014MC'),
(1, NULL, 'Ali Aydın', 'Vefat ', 38, 'EGE018AA'),
(1, NULL, 'Cafer İnce', 'Vefat ', 39, 'ANTEP006CI'),
(1, NULL, 'Ünal Çelik', 'Vefat (25.09.2012)', 40, 'AKD015UC'),
(1, NULL, 'Hasan Hüseyin Ağırol', '', 41, 'EGE019HHA'),
(1, NULL, 'Nezaket Turhal', 'Vefat ', 42, 'AKD016NT'),
(1, NULL, 'Menekşe Turhan', 'Nakil', 43, 'EGE020MT'),
(1, NULL, 'Murat Damar', 'Vefat (06.06.12)', 44, 'KKY001MD'),
(1, NULL, 'Fidan Özkart', 'Nakil', 45, 'AKD017FO'),
(1, NULL, 'Nurettin Gündoğdu', 'Yalı Mah. Büşra Sok. No:7 Çınarlık / SAMSUN', 46, 'BUAH001NG'),
(1, NULL, 'Şükrü Çelik', 'Kiremitli Mah. 836 Sok. Dülger Apt. 3/6 Korkuteli / ANTALYA', 47, 'AKD018SC'),
(1, NULL, 'Halil Acar', '', 48, 'BUAH002HA'),
(1, NULL, 'Bekir Taş', '', 49, 'AKD019BT'),
(1, NULL, 'Taner Tatlı', 'Koşuyolu Cad. 154/B Emlak Bankası Konutları B Blok D:30 /  ISTANBUL', 50, 'KKY002TT'),
(1, NULL, 'Ercüment Savaş', 'Vefat ', 51, 'EGE021ES'),
(1, NULL, 'Oğuz Koç', 'Vefat ', 52, 'GAZI001OK'),
(1, NULL, 'Ali Albaş', '', 53, 'FLO001AA'),
(1, NULL, 'Musa Sekkin', 'İstasyon Cad. Mimas Sinan Sok. Orkide Apt.K:1 D:4 Akşehir / KONYA', 54, 'AKD020MS'),
(1, NULL, 'Hasan Kanmaz', 'Fığla Mah. Hastane Sok. No.11 Alanya / ANTALYA', 55, 'AKD021HK'),
(1, NULL, 'Abdullah Etik', 'Abdulhalik Renda Mah. Zafer Cad. Renda Apt. 8/2 / ÇANKIRI', 56, 'BUAH003AE'),
(1, NULL, 'Yıldırım Ayvat', 'Vefat (12.07.12)', 57, 'BUAH004YA'),
(1, NULL, 'Mevlid Soyer', 'Vefat (03.06.2012)', 58, 'AKD022MS'),
(1, NULL, 'Şenel Yüce', 'Çerimik Mah. Şehit Duran Özer Sok. No:26 Reşadiye / TOKAT', 59, 'BUAH005SY'),
(1, NULL, 'Murat Toy', 'Paşam Sultan Mah. Kurşunlu Sok. No:25/2  / KÜTAHYA', 60, 'EGE022MT'),
(1, NULL, 'Yusuf Polat', '', 61, 'EGE023YP'),
(1, NULL, 'Sibel Coşkun', 'Vefat ', 62, 'ANKA001SC'),
(1, NULL, 'Mehmet Zeki Utanç', '', 63, 'ANTEP007ZU'),
(1, NULL, 'Hüseyin Kurt', '', 64, 'ANTEP008HK'),
(1, NULL, 'Mahmut Dereli', 'Atatürk Mah. 603 Sok. B4 Blok D:23 Beylikdüzü / ISTANBUL', 65, 'AKD023MD'),
(1, NULL, 'Cabir Demirbaş', 'Badem Sok. No:4 D:2 Bahçelievler / ISTANBUL', 66, 'AKD024CD'),
(1, NULL, 'Muharrem Dilmaç', '25 Mart Mah. SSK Blokları 52.Blok No:14 Yenimahalle / ANKARA', 67, 'GAZI002MD'),
(1, NULL, 'Kemalettin Kızıltaş', '', 68, 'EGE024KK'),
(1, NULL, 'Uğur Vural', 'Melikşah Mh. Gülnihal Sok. Pamuk Apt. No: 4/1 KONYA', 69, 'AKD025UV'),
(1, NULL, 'Nusret Uluçay', 'Huzurevleri Mah. 77167 Sok. Seçkin Sit. D Blok K:2 No:6 Çukurova/ADANA', 70, 'ANTEP009NU'),
(1, NULL, 'İbrahim Akyüz', 'Vefat (13.09.2012) (RHF)', 71, 'ANTEP010IA'),
(1, NULL, 'Fehmi Gezer', 'Vefat ', 72, 'EGE025FG'),
(1, NULL, 'Mehmet Emre Polat', 'Vefat ', 73, 'EGE026MEP'),
(1, NULL, 'Kağan Fazıl Kamalı', 'Simon Bolivar Cad. 32/52 Çankaya / Ankara', 74, 'AKD026KFK'),
(1, NULL, 'Feti Albayrak', 'Ünsal Mah. 5085 Sk. No:28 Kepez / Antalya', 75, 'AKD027FA'),
(1, NULL, 'Zeynep Altun', 'Yeniköy Mah. Fatih Cad. No: 5/2 Şavşat/ Artvin', 76, 'EGE027ZA'),
(1, NULL, 'Şenay Ergül', 'Nakil', 77, 'EGE028SE'),
(1, NULL, 'Naim Güneş', 'Sekiz Eylül Mah. 131 Sok. No:19 Kemalpaşa/İzmir', 78, 'EGE029NG'),
(1, NULL, 'Savaş Karayel', 'Vefat (10.09.2012)', 79, 'AKD028SK'),
(1, NULL, 'Mustafa Yalçın', 'Nakil', 80, 'EGE030MY'),
(1, NULL, 'Rümeysa Nur Orak', 'Hoca Ahmet Yesevi Mah. Merkez/ AYDIN', 81, 'EGE031RNO'),
(1, NULL, 'Aygüzel Uzunal', '', 82, 'KKY003AU'),
(1, NULL, 'Şevki Türk', 'Vefat', 83, 'BUAH006ST'),
(1, NULL, 'Ramazan Baysal', '4651 Sokak No:9 Daire:9 Sevgi Mah. Karabağlar/ İZMİR', 84, 'EGE032RB'),
(1, NULL, 'Oktay Kaçmaz', '', 85, 'EGE033OK'),
(1, NULL, 'İsmail Hakkı Özcan', '5664 Sok. No:18 Karabağlar / İZMİR', 86, 'EGE034IHO'),
(1, NULL, 'Haşim Borucu', '100 Sk. No:23 /14 Hatay/İZMİR', 87, 'EGE035HB'),
(1, NULL, 'Ahmet Elmasten', 'Vefat (29.11.2012) (RHF)', 88, 'ANTEP011AE'),
(1, NULL, 'Refika Gürgöz', '', 89, 'EGE036RG'),
(1, NULL, 'Amşe Erdemli', 'Ayaklı Köyü Viranşehir / ŞANLIURFA', 90, 'AKD029AE'),
(1, NULL, 'Metin Göncü', '', 91, 'EGE037MG'),
(1, NULL, 'Nuriye Temel', 'Vefat (01.01.2013) (MOF)', 92, 'EGE038NT'),
(1, NULL, 'Asuman Özkan', 'Vefat  21.12.2012', 93, 'AKDE030AO'),
(1, NULL, 'Beyhan Tekün', '', 94, 'EGE039BT'),
(1, NULL, 'Ünzile Öztabak', '', 95, 'EGE040UO'),
(1, NULL, 'Sabahat Öztürk', 'Vefat', 96, 'ANTEP012SO'),
(1, NULL, 'Ahmet Yıldız', 'Vefat', 97, 'ANTEP013AY'),
(1, NULL, 'Bülent Özdilek', '', 98, 'EGE041BO'),
(1, NULL, 'İsa Nerkiz', '', 99, 'EGE042IN'),
(1, NULL, 'Erol Ördekoğlu', '', 100, 'EGE043EO'),
(1, NULL, 'Sakip Kiraz', '', 101, 'EGE044SK'),
(1, NULL, 'Hatice Gençtürk', '', 102, 'FLO002HG'),
(1, NULL, 'Erkan Keleş', 'Orta Mah. 173 Sok. No:  K:1 Çarşamba / SAMSUN', 103, 'AKD031EK'),
(1, NULL, 'Mehmet Mercan', '', 104, 'EGE045MM'),
(1, NULL, 'Emin Savaş', '', 105, 'EGE046ES'),
(1, NULL, 'Tarık Turan', '', 106, 'EGE047TT'),
(1, NULL, 'Ramazan Kural', '', 107, 'EGE048RK'),
(1, NULL, 'Yakup Altunöz', '', 108, 'EGE049YA'),
(1, NULL, 'Kadri Saatçi', '', 109, 'AKD032KS'),
(1, NULL, 'Müslüm Taşdemir', '', 110, 'ANTEP014MT'),
(1, NULL, 'Sadiri Çapan', '', 111, 'EGE050SC'),
(1, NULL, 'Hüseyin Ali Sağdıç', '', 112, 'EGE051HAS'),
(1, NULL, 'Hüseyin Can', '', 113, 'EGE052HC'),
(1, NULL, 'Handan Selci', '', 114, 'BUAH007HS'),
(1, NULL, 'Musa Yazıcı', '', 115, 'KKY004MY'),
(1, NULL, 'Muhsin Gezer', '', 116, 'EGE053MG'),
(1, NULL, 'Ayser Erdoğan', '', 117, 'FLO003AE'),
(1, NULL, 'Mehmet Tolan', '', 118, 'AKD033MT'),
(1, NULL, 'Serkan Coşkun', '', 119, 'EGE0054SC'),
(1, NULL, 'Salih Göçmen', '', 120, 'YIH001SG'),
(1, NULL, 'Recep Şen', '', 121, 'EGE055RS'),
(1, NULL, 'Hüseyin Bulut', '', 122, 'EGE056HB'),
(1, NULL, 'Mehmet Kızılaslan', '', 123, 'ANTEP015MK'),
(1, NULL, 'Fazilet Akkaya', '', 124, 'FLO004FA'),
(1, NULL, 'Mustafa Kunt', '', 125, 'FLO005MK'),
(1, NULL, 'Harun Tuzcu', '', 126, 'YIH002HT'),
(1, NULL, 'İbrahim Karun', '', 127, 'AKD034IK'),
(1, NULL, 'Halil İbrahim Soyer', '', 128, 'EGE057HIS'),
(1, NULL, 'Fadil Alagöz', '', 129, 'ANTEP016FA'),
(1, NULL, 'İdris Adıgüzel', '', 130, 'AKD035İA'),
(1, NULL, 'İsmail Kalkan', '', 131, 'ANTEP017IK'),
(1, NULL, 'Zahide Görün', '', 132, 'EGE058ZG'),
(1, NULL, 'Suna Akdin', '', 133, 'FLO006SA'),
(1, NULL, 'İbrahim Gültekin', '', 134, 'EGE059IG'),
(1, NULL, 'Filiz Fidan', '', 135, 'BUAH008FF'),
(1, NULL, 'Tahsin Güney', '', 136, 'FLO007TG'),
(1, NULL, 'Şahattin Akçay', '', 137, 'AKD036SA'),
(1, NULL, 'Ali Çekin', '', 138, 'EGE060AC'),
(1, NULL, 'Hakan Takkalı', '', 139, 'EGE061HK'),
(1, NULL, 'Ramazan Sarıçam', '', 140, 'KKY005SRS'),
(1, NULL, 'Suna Durukan', '', 141, 'EGE062SD'),
(1, NULL, 'Yüksel Çoban', '', 142, 'EGE063YC'),
(1, NULL, 'Veysel Kaya', '', 143, 'ANTEP018VK'),
(1, NULL, 'Halil Düzgün', '', 144, 'EGE064HD'),
(1, NULL, 'Adnan Onsekiz', '', 145, 'EGE065AO'),
(1, NULL, 'Erol Acur', '', 146, 'BAU009EA'),
(1, NULL, 'Mustafa Eser', '', 147, 'AKD037ME'),
(1, NULL, 'Keziban Çalışkan', '', 148, 'AKD038KC'),
(1, NULL, 'Ercan Güneş', '', 149, 'EGE066EG'),
(1, NULL, 'Nufuse Arslan', '', 150, 'EGE067NA'),
(1, NULL, 'Filiz Diktepe', '', 151, 'KKY006FD'),
(1, NULL, 'Hüseyin Atçeken', '', 152, 'MED001HA'),
(1, NULL, 'Hacı Erol', '', 153, 'YIH003HE'),
(1, NULL, 'Erkan Peker', '', 154, 'AKD039EP'),
(1, NULL, 'Mustafa Gürbüz', '', 155, 'AKD040MG'),
(1, NULL, 'Halil Arlı', '', 156, 'EGE068HA'),
(1, NULL, 'Fahrettin Tüzmen', '', 157, 'EGE069FT'),
(1, NULL, 'İsmet Deniz', '', 158, 'BUAH010ID'),
(1, NULL, 'Sevgi Aktürk', '', 159, 'KKY007SA'),
(1, NULL, 'İsmail Kasım Dal', '', 160, 'EGE070IKD'),
(1, NULL, 'Salih Şahin', '', 161, 'AKD041SS'),
(1, NULL, 'Hamdi Çakır', '', 162, 'EGE071HC'),
(1, NULL, 'Remzi Hasanoğlu', '', 163, 'FLO008RH'),
(1, NULL, 'Fatma Tırıl', '', 164, 'FLO009FT'),
(1, NULL, 'Mehmet Altınaş', '', 165, 'AKD042MA'),
(1, NULL, 'Tuncay Top', '', 166, 'EGE072TT'),
(1, NULL, 'Halil Arslan', '', 167, 'EGE073HA'),
(1, NULL, 'Bahattin Toprak', '', 168, 'EGE074BT'),
(1, NULL, 'Havva Nur Tekin', '', 169, 'KKY008HT'),
(1, NULL, 'Kemal Yurdakul', '', 170, 'EGE075KY'),
(1, NULL, 'Saime Kaya', '', 171, 'EGE076SK'),
(1, NULL, 'Gülseher Çakır', '', 172, 'AKD043GC'),
(1, NULL, 'Songül Yalçınkılıç', '', 173, 'ANTEP019SY'),
(1, NULL, 'İbrahim Dağlı', '', 174, 'EGE077ID'),
(1, NULL, 'Mevlüt Sarı', '', 175, 'ANKA002MS'),
(1, NULL, 'Ahmet Kılcı', '', 176, 'ANKA003AK'),
(1, NULL, 'Mehmet Zeren', '', 177, 'SEH001MZ'),
(1, NULL, 'Sait Naslıca', '', 178, 'EGE078SN'),
(1, NULL, 'Bayram Odacı', '', 179, 'AKD044BO'),
(1, NULL, 'Recep Özdemir', '', 180, 'KKY009RO'),
(1, NULL, 'Necip Sayın', '', 181, 'YIH004NS'),
(1, NULL, 'Emine Karakaş', '', 182, 'KKY010EK'),
(1, NULL, 'Hasan Güneyli', '', 183, 'BUAH011HG'),
(1, NULL, 'Yener Metiner', '', 184, 'EGE079YM'),
(1, NULL, 'Filiz Çelik', '', 185, 'YIH005FC'),
(1, NULL, 'Seyfullah Karabulut', '', 186, 'EGE080SK'),
(1, NULL, 'Kamile Çakır', '', 187, 'EGE081KC'),
(1, NULL, 'Büşranur Yengin', '', 188, 'EGE082BY'),
(1, NULL, 'Emir Velioğlu ', '', 189, 'EGE083EV'),
(1, NULL, 'Sozdar EYO', '', 190, 'YIH006SE'),
(1, NULL, 'Ali Gencer', '', 191, 'EGE084AG'),
(1, NULL, 'Mehmet Yılmaz', '', 192, 'BUAH012MY'),
(1, NULL, 'Mehmet Aksekili', '', 193, 'EGE085MA'),
(1, NULL, 'Selahattin Karacasu', '', 194, 'EGE086SK'),
(1, NULL, 'Cevat Türk', '', 195, 'BUAH013CT'),
(1, NULL, 'Yaşar Doğan', '', 196, 'YIH007YD'),
(1, NULL, 'Kemal Çağlar', '', 197, 'EGE087KC'),
(1, NULL, 'Mustafa Orhan', '', 198, 'AKD045MO'),
(1, NULL, 'Ahmet Necati Tuğcu', '', 199, 'EGE088ANT'),
(1, NULL, 'Mithat Eren', '', 200, 'EGE089ME'),
(1, NULL, 'Seyhan Arduzlar', '', 201, 'EGE090SA'),
(1, NULL, 'Talat Kılıç', '', 202, 'EGE091TK'),
(1, NULL, 'Yavuz Şentürk', '', 203, 'BUAH014YS'),
(1, NULL, 'Celal Türk', '', 204, 'YIH008CT'),
(1, NULL, 'Ali Yılmaz', '', 205, 'EGE092AY'),
(1, NULL, 'İsa Ilgın', '', 206, 'EGE93II'),
(1, NULL, 'Mahmut Yiğit', '', 207, 'YIH009MY'),
(1, NULL, 'Mustafa Öztürk', '', 208, 'AKD046MO'),
(1, NULL, 'Gürsel Güler', '', 209, 'EGE094GG'),
(1, NULL, 'Mahmut Batur', '', 210, 'BUAH015MB'),
(1, NULL, 'Dinçer Değirmen', '', 211, 'KKY011DD'),
(1, NULL, 'Rojin Aslan', '', 212, 'YIH010RA'),
(1, NULL, 'Zarife Akpınar', '', 213, 'ANKA004ZA'),
(1, NULL, 'Berati Çakmak', '', 214, 'ANKA005BC'),
(1, NULL, 'Nurettin Kaya', '', 215, 'EGE095NK'),
(1, NULL, 'Kadir Dönmez', '', 216, 'ANKA006KD'),
(1, NULL, 'Fatma Kandil', '', 217, 'EGE096FK'),
(1, NULL, 'İsmail Yazıcı', '', 218, 'YIH011IY'),
(1, NULL, 'Cemil Acar', '', 219, 'EGE097CA'),
(1, NULL, 'Nurgül Kayır', '', 220, 'EGE098NK'),
(1, NULL, 'Mustafa Kafalı', '', 221, 'AKD047MK'),
(1, NULL, 'Levent Kocabaş', '', 222, 'EGE099LK'),
(1, NULL, 'Mehmet İyigüllü', '', 223, 'EGE100MI'),
(1, NULL, 'Ahmet Önen', '', 224, 'EGE101AO'),
(1, NULL, 'Adnan Oğuryurt', '', 225, 'BUAH016AO'),
(1, NULL, 'Ali Özbek', '', 226, 'BUAH017AO'),
(1, NULL, 'Nesibe Urkan', '', 227, 'EGE102NU'),
(1, NULL, 'Hakime Arslan', '', 228, 'EGE103HA'),
(1, NULL, 'Mehmet Kılınç', '', 229, 'KKY012MK'),
(1, NULL, 'Hatice Küçük ', '', 230, 'EGE104HK'),
(1, NULL, 'Zekeriya Kaya', '', 231, 'ANKA007ZK'),
(1, NULL, 'Mücahit Poyraz', '', 232, 'YIH012MP'),
(1, NULL, 'Mustafa Yılmaz', '', 233, 'BUAH018MY'),
(1, NULL, 'Ali Osman Toğay', '', 234, 'ANKA008AOT'),
(1, NULL, 'Mahmut Gazi Durmaz', '', 235, 'EGE105MGD'),
(1, NULL, 'Satılmış Acun', '', 236, 'YIH013SA'),
(1, NULL, 'Satılmış Alımlı', '', 237, 'ANKA009SA'),
(1, NULL, 'Mehmet Mücahit Gökdağ', '', 238, 'BUAH019MMG'),
(1, NULL, 'Seyhan Akman', '', 239, 'AKD048SA'),
(1, NULL, 'Zeki Gülen', '', 240, 'EGE106ZG'),
(1, NULL, 'Yakup Karabaş', '', 241, 'YIH014YK'),
(1, NULL, 'Ali Çakır', '', 242, 'EGE107AC'),
(1, NULL, 'Hüseyin Fuat Galipoğluları', '', 243, 'EGE108HFG'),
(1, NULL, 'Serdar Aydoğanoğlu', '', 244, 'YIH015SA'),
(1, NULL, 'Emine Çelik', '', 245, 'ANKA010EC'),
(1, NULL, 'Sami Önal', '', 246, 'BUAH020SO'),
(1, NULL, 'Mehmet Çayır', '', 247, 'EGE109MC'),
(1, NULL, 'Saadet Obuz', '', 248, 'AKD049SO'),
(1, NULL, 'Hasan Demir', '', 249, 'AKD050HD'),
(1, NULL, 'Ali Öztürk', '', 250, 'YIH016AO'),
(1, NULL, 'Davut Kılıç', '', 251, 'EGE110DK'),
(1, NULL, 'İbrahim Tangünü', '', 252, 'AKD051IT'),
(1, NULL, 'Arslan Türemiş', '', 253, 'ANKA011AT'),
(1, NULL, 'Dursun Mehmet Işık', '', 254, 'BUAH021DMI'),
(1, NULL, 'Ali Ekber Işık', '', 255, 'ANKA012AET'),
(1, NULL, 'Eyüp Topal', '', 256, 'EGE111ET'),
(1, NULL, 'Mecit Öztürk', '', 257, 'YIH017MO'),
(1, NULL, 'Hasan Hüseyin Işıklı', '', 258, 'EGE112HHI'),
(1, NULL, 'Cemil Topkara', '', 259, 'EGE113CT'),
(1, NULL, 'Hülya Aydemir', '', 260, 'EGE114HA'),
(1, NULL, 'Yeter Güntürk', '', 261, 'BUAH022YG'),
(1, NULL, 'Ayşe Tatlıkalp', '', 262, 'EGE115AT'),
(1, NULL, 'Fahrettin Alp ', '', 263, 'BUAH023FA'),
(1, NULL, 'Osman Can', '', 264, 'EGE116OC'),
(1, NULL, 'Hurşut Özcan', '', 265, 'AKD052HO'),
(1, NULL, 'Nermin Elma', '', 266, 'EGE117NE'),
(1, NULL, 'Mahmut Akbak', '', 267, 'AKD053MA'),
(1, NULL, 'Murat Ersoy', '', 268, 'AKD054ME'),
(1, NULL, 'Şükrü Gür', '', 269, 'EGE118SG'),
(1, NULL, 'Akdal Aktepe', '', 270, 'YIH018AA'),
(1, NULL, 'İsmail Soyatik', '', 271, 'EGE119IS'),
(1, NULL, 'Hakan Gülgezen', '', 272, 'EGE120HG'),
(1, NULL, 'Cemal Kurt ', '', 273, 'YIH019CK'),
(1, NULL, 'Rasim Soylu', '', 274, 'EGE121RS'),
(1, NULL, 'Şemsettin Akın', 'Hürriyet Mah. / Gaziemir - İzmir ', 275, 'EGE122SA'),
(1, NULL, 'Mehmet Tevfik Selçuk', 'Aksaray Mah. / ANTAKYA', 276, 'EGE123MTS'),
(1, NULL, 'Serkan Kurt', 'Zafer Mah. - BORNOVA / iZMİR', 277, 'EGE124SK'),
(1, NULL, 'Mehmet Altınkeser', 'Çavlu Mah. SALİHLİ / Manisa', 278, 'EGE125MA'),
(1, NULL, 'Hasan Akar', '', 279, 'AKD055HA'),
(1, NULL, 'Kaan Gökdeniz Subaşı', '', 280, 'BUAH024KG'),
(1, NULL, 'Mustafa Açıkgöz', '', 281, 'AKD056MA'),
(1, NULL, 'Ümit Laçin', 'Aziziye Yarımca Mah. / ERZURUM ', 282, 'EGE126UL'),
(1, NULL, 'Yalçın Atay', '', 283, 'EGE127YA'),
(1, NULL, 'Mustafa Çevik', '', 284, 'YIH020MC'),
(1, NULL, 'Nedim Ataay', 'Karabağlar Maliyeciler Mah. - İZİMİR', 285, 'EGE128NA'),
(1, NULL, 'Hasan Adabay', '', 286, 'EGE129HA'),
(1, NULL, 'Özgür Kunt', '', 287, 'BUAH025OK'),
(1, NULL, 'Ruhi Güçlü', '', 288, 'AKD057RG'),
(1, NULL, 'Murat Yesiroğlu', '', 289, 'EGE130MY'),
(1, NULL, 'Mehmet Altun', '', 290, 'ANKA013MA'),
(1, NULL, 'Kadir Acar', '', 291, 'EGE131KA'),
(1, NULL, 'Şefika Ulusoy', '', 292, 'ANKA014SU'),
(1, NULL, 'Ayşe Coşkun', '', 293, 'EGE132AC'),
(1, NULL, 'Nedim Canik', '', 294, 'EGE133NC'),
(1, NULL, 'Naim Sarı', '', 295, 'EGE134NS'),
(1, NULL, 'Mune Çağtay', '', 296, 'YIH021MC'),
(1, NULL, 'Ufuk Tellioğlu', '', 297, 'YIH022UT'),
(1, NULL, 'Aydın Uygun', '', 298, 'EGE135AU'),
(1, NULL, 'Zühtü Akdeniz', '', 299, 'AKD058ZA'),
(1, NULL, 'Mehmet Topuz', '', 300, 'EGE136MT'),
(1, NULL, 'Coşkun Bağcı', '', 301, 'EGE137CB'),
(1, NULL, 'Atilla Gürbüz', '', 302, 'BUAH026AG'),
(1, NULL, 'Zelal Kutlucan', '', 303, 'HUTF001ZK'),
(1, NULL, 'Nazım Tuncer', '', 304, 'EGE138NT'),
(1, NULL, 'Erdener Dedeoğlu', '', 305, 'BUAH027ED'),
(1, NULL, 'Şaban Pehlivan', '', 306, 'AKD059SP'),
(1, NULL, 'Mustafa Mızrak', '', 307, 'EGE139MM'),
(1, NULL, 'Ümit Zühtü Sürmeneli', '', 308, 'EGE140UZS'),
(1, NULL, 'İbrahim Vuslat Kılcan', '', 309, 'EGE141IVK'),
(1, NULL, 'Bilent Özcan', '', 310, 'EGE142BO'),
(1, NULL, 'Pelin Karabağ', '', 311, 'EGE143PK'),
(1, NULL, 'Fikret Çiçekli', '', 312, 'EGE144FC'),
(1, NULL, 'Ali Arslan', '', 313, 'EGE145AA'),
(1, NULL, 'Batın Kuşdemir', '', 314, 'EGE146BT'),
(1, NULL, 'Mehmet Şahin', '', 315, 'ANKA015MS'),
(1, NULL, 'Hayri Demirkıran', '', 316, 'EGE147HD'),
(1, NULL, 'Mehmet Dursun Dönmez', '', 317, 'YIH023MDD'),
(1, NULL, 'Arif Soykara', '', 318, 'EGE148AS'),
(1, NULL, 'Metin Turul', '', 319, 'EGE149MT'),
(1, NULL, 'Mehmet Kara', '', 320, 'BUAH028MK'),
(1, NULL, 'Ahmet Nuri Çolakoğlu', '', 321, 'YIH024ANC'),
(1, NULL, 'Sabri Sayman', '', 322, 'EGE150SS'),
(1, NULL, 'Mahmut Kaplan', '', 323, 'YIH025MK'),
(1, NULL, 'Muammer Yavuz', '', 324, 'EGE151MY'),
(1, NULL, 'Necmettin Bayoba', '', 325, 'YIH026NB'),
(1, NULL, 'Nuray Zirek', '', 326, 'EGE152NZ'),
(1, NULL, 'Tuner Selden', '', 327, 'BND001TS'),
(1, NULL, 'Murat Köse', '', 328, 'YIH027MK'),
(1, NULL, 'Ercan Akın', '', 329, 'EGE153EA'),
(1, NULL, 'Fetiha Çelik', '', 330, 'EGE154FC'),
(1, NULL, 'Fırat Demirhan', '', 331, 'BUAH029FD'),
(1, NULL, 'Kadir Okumuş', '', 332, 'YIH028KO'),
(1, NULL, 'Mustafa Sarper Nadir', '', 333, 'BND002MSN'),
(1, NULL, 'Feti Özkan', '', 334, 'EGE155FO'),
(1, NULL, 'Yunus Düzen', '', 335, 'AKD060YD'),
(1, NULL, 'Hülagü Ergüzel', '', 336, 'MAH001HE'),
(1, NULL, 'Mürsel Yıldırım', '', 337, 'EGE156MY'),
(1, NULL, 'Cumali Alkan', '', 338, 'BUAH030CA'),
(1, NULL, 'Necati Acar', '', 339, 'AKD061NA'),
(1, NULL, 'Hikmet Açıkgöz', '', 340, 'EGE157HA'),
(1, NULL, 'Ülkü Aksu', '', 341, 'FLO010UA'),
(1, NULL, 'Salman Çık', '', 342, 'EGE158SC'),
(1, NULL, 'Cemil Özkanca', '', 343, 'FLO011CO'),
(1, NULL, 'Halil İbrahim Akdoğan', '', 344, 'YIH029HIA'),
(1, NULL, 'Kerem Yaman', '', 345, 'EGE159KY'),
(1, NULL, 'Hasan Manioğulları', '', 346, 'BND003HM'),
(1, NULL, 'Özlem Ümmet', '', 347, 'YIH030OU'),
(1, NULL, 'Sevim Kaya', '', 348, 'YIH031SK'),
(1, NULL, 'Tennur Çetinkaya', '', 349, 'EGE160TC'),
(1, NULL, 'Ahmet Ademoğlu', '', 350, 'EGE161AA'),
(1, NULL, 'Yusuf Aksan', '', 351, 'MAH002YA'),
(1, NULL, 'Ömer Zehir', '', 352, 'BUAH031OZ'),
(1, NULL, 'Mahmut Kaçar', '', 353, 'AKD062MK'),
(1, NULL, 'Muhlis Savsin', '', 354, 'FLO012MS'),
(1, NULL, 'İbrahim Ak', '', 355, 'EGE162IA'),
(1, NULL, 'Hayriye Karakan', '', 356, 'AKD063HK'),
(1, NULL, 'Şevval Sevgi', '', 357, 'YIH032SS'),
(1, NULL, 'Zeki Dağlı', '', 358, 'YIH033ZD'),
(1, NULL, 'Tacettin Kıcalı', '', 359, 'AKD064TK'),
(1, NULL, 'Fatih Kördemir', '', 360, 'AKD065FK'),
(1, NULL, 'Ramazan Gülsoy', '', 361, 'AKD066RG'),
(1, NULL, 'Rıdvan Saygı', '', 362, 'EGE163RS'),
(1, NULL, 'Hayriye Kandemir', '', 363, 'AKD067HK'),
(1, NULL, 'Mustafa Ceylan', '', 364, 'EGE164MC'),
(1, NULL, 'İsmail Urlu', '', 365, 'EGE165IU'),
(1, NULL, 'Elçin Kamaş', '', 366, 'EGE166EK'),
(1, NULL, 'Arif Durmuş', '', 367, 'EGE167AD'),
(1, NULL, 'Umuthan Karagöz', '', 368, 'BUAH032UK'),
(1, NULL, 'Sıtkı Sayan', '', 369, 'EGE168SS'),
(1, NULL, 'Halil Ok', '', 370, 'EGE169HO'),
(1, NULL, 'Ali Transtürk', '', 371, 'DBN004AT'),
(1, NULL, 'Hüseyin Güzel', '', 372, 'EGE170HG'),
(1, NULL, 'Mehmet Çoban', '', 373, 'EGE171MC'),
(1, NULL, 'Sadat Dipsizgöl', '', 374, 'EGE172SD'),
(1, NULL, 'Celal Dağ', '', 375, 'EGE173CD'),
(1, NULL, 'Mehmet Ali Dağ', '', 376, 'BUAH033MAD'),
(1, NULL, 'Esra Bakay', '', 377, 'YIH034EB'),
(1, NULL, 'Abit Demircan', '', 378, 'AKD068AD'),
(1, NULL, 'Hüseyin Erden', '', 379, 'EGE174HE'),
(1, NULL, 'Abdül Samet Civerek', '', 380, 'YIH035ASC'),
(1, NULL, 'Mert Kuyumcu', '', 381, 'EGE175MK'),
(1, NULL, 'Emre Sami Ünsal', '', 382, 'EGE176ESU'),
(1, NULL, 'Faruk Kesova', '', 383, 'EGE177FK'),
(1, NULL, 'Zehra Alakel', '', 384, 'YIH036ZA'),
(1, NULL, 'Serkan Gürbüz', '', 385, 'EGE178SG'),
(1, NULL, 'Ayhan Akça', '', 386, 'EGE179AA'),
(1, NULL, 'Şadan Yılmaz', '', 387, 'FLO013SD'),
(1, NULL, 'Ali Korkmaz', '', 388, 'AKD069AK'),
(1, NULL, 'Recep Güroğlu', '', 389, 'BUAH034RG'),
(1, NULL, 'Burçin Meşe', '', 390, 'EGE180BM'),
(1, NULL, 'İsmail Yıldız', '', 391, 'BUAH035IY'),
(1, NULL, 'Musa Arıkan', '', 392, 'AKD070MA'),
(1, NULL, 'Ahmet Kelce', '', 393, 'BUAH036AK'),
(1, NULL, 'Emine Akçay', '', 394, 'KKY013EA'),
(1, NULL, 'Gökhan Akdamar', '', 395, 'EGE181GA'),
(1, NULL, 'Mustafa Halis Dinleyen', '', 396, 'KKY014MHD'),
(1, NULL, 'Duran Kılıç', '', 397, 'AKD071DK '),
(1, NULL, 'Nur Uzun', '', 398, 'KKY015NU'),
(1, NULL, 'Ersin Aras', '', 399, 'YIH037EA'),
(1, NULL, 'Hakan Şanlı', '', 400, 'YIH038HS'),
(1, NULL, 'Bekir Erinç', '', 401, 'KKY016BE'),
(1, NULL, 'Ekrem Ekti', '', 402, 'EGE182EE'),
(1, NULL, 'Durmuş Ali Balkan', '', 403, 'EGE183DAB'),
(1, NULL, 'Mustafa Tiryaki', '', 404, 'EGE184MT'),
(1, NULL, 'Yalçın Özdoğan', '', 405, 'YIH039YO'),
(1, NULL, 'Kadir Özdoğan', '', 406, 'FLO014KO'),
(1, NULL, 'Ahmet Gördeğir', '', 407, 'SEH002AG'),
(1, NULL, 'Mehmet Konak', '', 408, 'KKY017MK'),
(1, NULL, 'Taha Özdamarlar', '', 409, 'BUAH037TO'),
(1, NULL, 'Zafer Göksu', '', 410, 'AKD072ZG'),
(1, NULL, 'Ahmet Genç', '', 411, 'BUAH038AG'),
(1, NULL, 'Yusuf Kuyucu', '', 412, 'YIH040YK'),
(1, NULL, 'Enver Çetin', '', 413, 'AKD073EC'),
(1, NULL, 'Süleyman Ayverdi', '', 414, 'EGE185SA'),
(1, NULL, 'Ümmü Ülkü Öcal', '', 415, 'YIH041UUO'),
(1, NULL, 'Serdar Işık', '', 416, 'EGE186SI'),
(1, NULL, 'İbrahim Halil Ocakoğlu', '', 417, 'SEH003IHO'),
(1, NULL, 'Nermin Tutkun', '', 418, 'ANKA016NT'),
(1, NULL, 'Sahak Maraşlı', '', 419, 'FLO015SM'),
(1, NULL, 'Sakine Ez', '', 420, 'AKD074SE'),
(1, NULL, 'Onur Esen', '', 421, 'EGE187OE'),
(1, NULL, 'Nahide Reçber', '', 422, 'YIH042NR'),
(1, NULL, 'Ahmet Kır', '', 423, 'KKY018AK'),
(1, NULL, 'Hakan Albayrak', '', 424, 'EGE188HA'),
(1, NULL, 'Mehmet Karabillioğlu', '', 425, 'EGE189MK'),
(1, NULL, 'Ahmet Kıroğlu', '', 426, 'AKD075AK'),
(1, NULL, 'Ahmet Kurt', '', 427, 'SEH004AK'),
(1, NULL, 'Ferhat Gülhan', '', 428, 'EGE190FG'),
(1, NULL, 'Merve Öztopçu', '', 429, 'YIH043MO'),
(1, NULL, 'Hasan Kızılkaya', '', 430, 'AKD076HK'),
(1, NULL, 'İsmail Kabadayı', '', 431, 'EGE191IK'),
(1, NULL, 'Ayşegül Çayırlı', '', 432, 'YIH044AC'),
(1, NULL, 'Korkmaz Şen', '', 433, 'EGE192KS'),
(1, NULL, 'Osman Kandemir', '', 434, 'SEH005OK'),
(1, NULL, 'Muhammed Özdoğan', '', 435, 'YIH045MO'),
(1, NULL, 'Hilmi Baki', '', 436, 'AKD077HB'),
(1, NULL, 'Musa Kutucu', '', 437, 'EGE193MK'),
(1, NULL, 'Bahattin Karalar', '', 438, 'EGE194BK'),
(1, NULL, 'Hüseyin Çakır', '', 439, 'KKY019HC'),
(1, NULL, 'Erdal Kurgan', '', 440, 'AKD078EK'),
(1, NULL, 'Asıf Leylek', '', 441, 'YIH046AL'),
(1, NULL, 'Emin Topçu', '', 442, 'KKY020ET'),
(1, NULL, 'Ramazan Altuğ', '', 443, 'YIH047RA'),
(1, NULL, 'Zeynep Karaağaçlı', '', 444, 'EGE195ZK'),
(1, NULL, 'Sefer Koç', '', 445, 'YIH048SK'),
(1, NULL, 'Ümit Eroğlu', '', 446, 'AKD079UE'),
(1, NULL, 'İsmail Tuğra Dizyörür', '', 447, 'FLO016ITD'),
(1, NULL, 'Ömer Faruk Başaran', '', 448, 'KKY021OFB'),
(1, NULL, 'Oğuzhan Kanber', '', 449, 'ANKA017OK'),
(1, NULL, 'Yılmaz Kocabaş', '', 450, 'FLO017YK'),
(1, NULL, 'Asım Umur Ekinci', '', 451, 'FLO018AUE'),
(1, NULL, 'Ahmet Volkan Eken', '', 452, 'KKY022AVE'),
(1, NULL, 'Turan Nacar', '', 453, 'EGE196TN'),
(1, NULL, 'Erkan Zavalsız', '', 454, 'SEH006EZ'),
(1, NULL, 'Alim İsimbay', '', 455, 'EGE197AI'),
(1, NULL, 'Şükrü Burun', '', 456, 'KKY023SB'),
(1, NULL, 'Zeki Özşenol', '', 457, 'EGE198ZO'),
(1, NULL, 'Şenol Koçak', '', 458, 'BUAH039SK'),
(1, NULL, 'Ramazan Çolak', '', 459, 'EGE199RC'),
(1, NULL, 'Bahri Alpaslan', '', 460, 'EGE200BA'),
(1, NULL, 'Adil Çiftçi', '', 461, 'AKD080AC'),
(1, NULL, 'Sevgi Kaynak', '', 462, 'YIH049SK'),
(1, NULL, 'Adem Soylu', '', 463, 'EGE201AS'),
(1, NULL, 'Hasan Çakır', '', 464, 'SEH007HC'),
(1, NULL, 'Erkut Ege', '', 465, 'FLO019EE'),
(1, NULL, 'Ramazan Erçağatay', '', 466, 'AKD081RE'),
(1, NULL, 'Osman Çoban', '', 467, 'YIH050OC'),
(1, NULL, 'Atilla Burak Çağatay', '', 468, 'BUAH040ABC'),
(1, NULL, 'Emrah Aydın', '', 469, 'YIH051EA'),
(1, NULL, 'Mehmet Karaca', '', 470, 'EGE202MK'),
(1, NULL, 'Yasin Kılınç', '', 471, 'EGE203YK'),
(1, NULL, 'Yusuf Arslan', '', 472, 'KKY024YA'),
(1, NULL, 'Sevim Demirci', '', 473, 'YIH052SD'),
(1, NULL, 'Emine Erişen', '', 474, 'EGE204EE'),
(1, NULL, 'Mahmut Yaylacı', '', 475, 'YIH053MY'),
(1, NULL, 'Sadi Irmak', '', 476, 'AKD082SI'),
(1, NULL, 'Soner Mutlu', '', 477, 'EGE205SM'),
(1, NULL, 'Berk Yıldız', '', 478, 'SEH008BY'),
(1, NULL, 'Kemal Çelebi', '', 479, 'AKD083KC'),
(1, NULL, 'Mustafa Eren Turgut', '', 480, 'EGE206MET'),
(1, NULL, 'Hasan Bekler', '', 481, 'AKD084HB'),
(1, NULL, 'Hikmet Yılmaz', '', 482, 'AKD085HY'),
(1, NULL, 'Ayşegül Sel', '', 483, 'EGE207AS'),
(1, NULL, 'İlhan Küçlü', '', 484, 'EGE208IK'),
(1, NULL, 'Nihat Akgün', '', 485, 'EGE209NA'),
(1, NULL, 'Ahmet Çiçek', '', 486, 'EGE210AC'),
(1, NULL, 'Casim Uslu', '', 487, 'ANKA018CU'),
(1, NULL, 'Ufuk Gedik', '', 488, 'FLO020UG'),
(1, NULL, 'Ferhat Sayan', '', 489, 'SEH009FS'),
(1, NULL, 'Emre Korkmaz', '', 490, 'YIH054EK'),
(1, NULL, 'Serhat Yenil', '', 491, 'EGE211SY'),
(1, NULL, 'Yavuz Karabulut', '', 492, 'YIH055YK'),
(1, NULL, 'Levent Şendil', '', 493, 'EGE212LS'),
(1, NULL, 'Suphi Tunç', '', 494, 'EGE213ST'),
(1, NULL, 'Şadi Gökçebay', '', 495, 'BUAH041SG'),
(1, NULL, 'Mesut Düzgün', '', 496, 'AKD086MD'),
(1, NULL, 'Baki Atalay', '', 497, 'BUAH042BA'),
(1, NULL, 'Eren Soyaslan', '', 498, 'YIH056ES'),
(1, NULL, 'Aydın Adalı', '', 499, 'EGE214AA'),
(1, NULL, 'Alaadin Öztürk', '', 500, 'EGE215AO'),
(1, NULL, 'Gülseren Ünal', '', 501, 'AKD087GU'),
(1, NULL, 'Nevzat Uçar', '', 502, 'KKY025NU'),
(1, NULL, 'Yeşim İnan', '', 503, 'YIH057YI'),
(1, NULL, 'Mehmet Koyuncu', '', 504, 'BUAH043MK'),
(1, NULL, 'Ali Kocaman', '', 505, 'KKY026AK'),
(1, NULL, 'Bülent Kara', '', 506, 'YIH058BK'),
(1, NULL, 'Zöhre Eğritaş', '', 507, 'BUAH044ZE'),
(1, NULL, 'Erbil Yıldız', '', 508, 'EGE216EY'),
(1, NULL, 'Osman İlhan Çetinkaya', '', 509, 'FLO021OC'),
(1, NULL, 'Tamer İnce', '', 510, 'EGE217TI'),
(1, NULL, 'Kadir İçgöz', '', 511, 'YIH059KI'),
(1, NULL, 'Ramazan Tüzü', '', 512, 'EGE218RT'),
(1, NULL, 'Hasan Mamak', '', 513, 'EGE219HM'),
(1, NULL, 'Nisanur Tufan', '', 514, 'EGE220NT'),
(1, NULL, 'İsmail Manav', '', 515, 'KKY027IM'),
(1, NULL, 'Faruk Çebi', '', 516, 'EGE221FC'),
(1, NULL, 'Gülsüm Atmaca', '', 517, 'YIH060GA'),
(1, NULL, 'İbrahim Akşahan', '', 518, 'EGE222IA'),
(1, NULL, 'Ebulmuhsin Karip', '', 519, 'EGE223EK'),
(1, NULL, 'Hüsnü Kayıkçı', '', 520, 'AKD088HK'),
(1, NULL, 'Serdar Ulucan', '', 521, 'BUAH045SU'),
(1, NULL, 'İdris Güllü', '', 522, 'BUAH046IG'),
(1, NULL, 'Sabri Osmanoğlu', '', 523, 'EGE224SO'),
(1, NULL, 'Arif Durgun', '', 524, 'FLO022AD'),
(1, NULL, 'Lütfiye Gürgenci', '', 525, 'FLO023LG'),
(1, NULL, 'Cenan Uç', '', 526, 'KKY028CU'),
(1, NULL, 'Hüseyin Aycaner', '', 527, 'SEH010HA'),
(1, NULL, 'Hüseyin Yavuz', '', 528, 'YIH061HY'),
(1, NULL, 'Ersin Göklü', '', 529, 'BUAH047EG'),
(1, NULL, 'Veli Özdemir', '', 530, 'YIH062VO'),
(1, NULL, 'Hakan Yıldırım', '', 531, 'BUAH048HY'),
(1, NULL, 'Hasan Hüseyin Bilgiç', '', 532, 'KKY029HHB'),
(1, NULL, 'Hateme Oral', '', 533, 'BUAH049HO'),
(1, NULL, 'Hasan Selim Damlapınar', '', 534, 'BUAH050HSD'),
(1, NULL, 'Abdi Tanrıöver', '', 535, 'AKD089AT'),
(1, NULL, 'Ceren Su Koyun', '', 536, 'YIH063CSK');

-- --------------------------------------------------------

--
-- Tablo için tablo yapısı `phone_no_pat`
--

CREATE TABLE IF NOT EXISTS `phone_no_pat` (
  `phonenoID` int(20) NOT NULL AUTO_INCREMENT,
  `patientID` varchar(70) NOT NULL,
  `phone_no` longtext NOT NULL,
  PRIMARY KEY (`phonenoID`)
) ENGINE=InnoDB  DEFAULT CHARSET=utf8 AUTO_INCREMENT=79 ;

--
-- Tablo döküm verisi `phone_no_pat`
--

INSERT INTO `phone_no_pat` (`phonenoID`, `patientID`, `phone_no`) VALUES
(1, 'EGE001NH', '5368789260 '),
(2, 'EGE001NH', ' 5076656468 '),
(3, 'EGE001NH', ' 5349705848 '),
(4, 'EGE001NH', ' 5077388427'),
(5, 'EGE002CA', '5416344735 '),
(6, 'EGE002CA', ' 2323416423'),
(7, 'ANTEP001VO', '5062808057 '),
(8, 'ANTEP001VO', ' 5072228985 '),
(9, 'ANTEP001VO', ' 5447370145'),
(10, 'EGE003AA', '5352236108 '),
(11, 'EGE003AA', ' 2243268887'),
(12, 'EGE005ZAA', '5354805743 '),
(13, 'EGE005ZAA', ' 5354361136 '),
(14, 'EGE005ZAA', ' 2324616930'),
(15, 'EGE007HK', '5553333922 '),
(16, 'EGE007HK', ' 5327907397 '),
(17, 'EGE007HK', ' 2125919897'),
(18, 'EGE009TG', '5462100689 '),
(19, 'EGE009TG', ' 5466357164'),
(20, 'AKD004AT', '5343563938'),
(21, 'ANTEP003SG', '5383638215 / 5376752397 / 5427686883 / 5377072555'),
(22, 'ANTEP004ARA', '5447866010 '),
(23, 'ANTEP004ARA', ' 5454321793'),
(24, 'AKD005AK', ' 2422370878 '),
(25, 'AKD005AK', ' 5436051224 '),
(26, 'AKD005AK', ' 2423443319'),
(27, 'AKD006MA', '5462172786 '),
(28, 'AKD006MA', ' 5358209666 '),
(29, 'AKD006MA', ' 5358210444'),
(30, 'AKD007ZA', '5058589517 / 5552918628 / 5064306286'),
(31, 'AKD008RA', '5056984580 / 5056984581'),
(32, 'ANTEP005HT', '5366698197 / 5398664392'),
(33, 'AKD009DG', '5324546766 / 2423245452'),
(34, 'AKD010HT', '5364768335 / 5378600379'),
(35, 'AKD011KD', '5317199899 / 5392540485'),
(36, 'AKD012AA', '5456785552 / 2423269073'),
(37, 'AKD013KA', '2722434009 / 5397482617 / 5358324712'),
(38, 'AKD014MC', '5467830289 / 5425270128 / 5435977616'),
(39, 'AKD015UC', '2428714553 / 5356768618'),
(40, 'EGE019HHA', '5062704645 / 5548631730'),
(41, 'EGE020MT', '5365123115'),
(42, 'BUAH001NG', '3628448935 '),
(43, 'BUAH001NG', ' 5346215651'),
(44, 'AKD018SC', '5448022929 / 5309224591'),
(45, 'AKD019BT', '5055884364'),
(46, 'KKY002TT', '5325278293 / 5334798367 / 2165453263'),
(47, 'AKD020MS', '5337279577 / 5058196120 / 5325049896'),
(48, 'AKD021HK', '2425130888 / 5326577207 / 5323261676 / 5347901121'),
(49, 'BUAH003AE', '5422931847 / 5427301547 / 5466225623'),
(50, 'BUAH005SY', '5467672760 / 3564614397 / 53605666444'),
(51, 'EGE022MT', '5374781117'),
(52, 'EGE023YP', '5317696693'),
(53, 'ANTEP007ZU', '5354267573'),
(54, 'ANTEP008HK', '5423938622'),
(55, 'AKD023MD', '5444154141 / 5444731212'),
(56, 'AKD024CD', '5434242147 / 2126578705'),
(57, 'GAZI002MD', '5499051741 / 5462384500 / 5422363774'),
(58, 'AKD025UV', '5532735791 / 5052458372'),
(59, 'ANTEP009NU', '5065254020 / 5078110625'),
(60, 'ANTEP010IA', '5468603997 / 5435083318 / 5443215417'),
(61, 'AKD026KFK', '5448510940 / 5323435817 / 5324326986'),
(62, 'AKD027FA', '5323012390'),
(63, 'EGE027ZA', '5304645901'),
(64, 'EGE029NG', '5326556605 / 5394167379 / 2328789249'),
(65, 'EGE030MY', '03422411644 / 03422383609 / 5372450580 / 5325501032'),
(66, 'EGE031RNO', '5079905397 / 5057249512'),
(67, 'EGE032RB', '05337256011 / 05353421868'),
(68, 'EGE034IHO', '5323355106 / 05393989919'),
(69, 'EGE035HB', '05057987097 / 05057987096'),
(70, 'ANTEP011AE', '5424963203 / 5383822728'),
(71, 'AKD029AE', '5466563294 / 5455236855'),
(72, 'EGE123MTS', '0544 290 48 29'),
(73, 'EGE124SK', '5315205908'),
(74, 'EGE125MA', '0539 525 46 45'),
(75, 'EGE126UL', '05549425311 '),
(76, 'EGE126UL', ' 0535 482 12 45'),
(77, 'YIH020MC', '5055076826'),
(78, 'EGE128NA', '5323859015');

-- --------------------------------------------------------

--
-- Tablo için tablo yapısı `user`
--

CREATE TABLE IF NOT EXISTS `user` (
  `ID` int(11) NOT NULL AUTO_INCREMENT,
  `username` varchar(100) NOT NULL,
  `fistname_op` varchar(100) NOT NULL,
  `lastname_op` varchar(100) NOT NULL,
  `password_op` varchar(50) NOT NULL,
  PRIMARY KEY (`ID`)
) ENGINE=InnoDB  DEFAULT CHARSET=utf8 AUTO_INCREMENT=3 ;

--
-- Tablo döküm verisi `user`
--

INSERT INTO `user` (`ID`, `username`, `fistname_op`, `lastname_op`, `password_op`) VALUES
(1, 'glcn', 'Gülcan', 'Ertop', '1122'),
(2, 'alp', 'Alper', 'Şalvız', '2233');

/*!40101 SET CHARACTER_SET_CLIENT=@OLD_CHARACTER_SET_CLIENT */;
/*!40101 SET CHARACTER_SET_RESULTS=@OLD_CHARACTER_SET_RESULTS */;
/*!40101 SET COLLATION_CONNECTION=@OLD_COLLATION_CONNECTION */;
